date,temp
2013-01-01,-5.2712
2013-01-02,-10.9232
2013-01-03,-12.9963
2013-01-04,-11.6392
2013-01-05,-8.1683
2013-01-06,-7.2563
2013-01-07,-6.2955
2013-01-08,-5.5669
2013-01-09,-8.9879
2013-01-10,-9.0203
2013-01-11,-4.026
2013-01-12,-0.6371
2013-01-13,-2.1087
2013-01-14,-3.0655
2013-01-15,-3.5444
2013-01-16,-2.9286
2013-01-17,-5.6528
2013-01-18,-5.204
2013-01-19,-1.0441
2013-01-20,0.0437
2013-01-21,1.6471
2013-01-22,2.7399
2013-01-23,1.38
2013-01-24,-1.0573
2013-01-25,-8.7745
2013-01-26,-9.1086
2013-01-27,-7.9174
2013-01-28,-3.8403
2013-01-29,1.9044
2013-01-30,4.2055
2013-01-31,5.9922
2013-02-01,5.9567
2013-02-02,-0.4594
2013-02-03,-3.1608
2013-02-04,-0.7267
2013-02-05,-1.5471
2013-02-06,-1.2172
2013-02-07,-10.4081
2013-02-08,-11.4444
2013-02-09,-7.63
2013-02-10,-4.2759
2013-02-11,-6.2246
2013-02-12,-3.9477
2013-02-13,-2.3513
2013-02-14,0.4579
2013-02-15,-1.2263
2013-02-16,-3.4705
2013-02-17,1.4217
2013-02-18,0.5419
2013-02-19,-2.6678
2013-02-20,-4.545
2013-02-21,-2.1326
2013-02-22,0.0987
2013-02-23,-1.0785
2013-02-24,0.3764
2013-02-25,1.5614
2013-02-26,3.2538
2013-02-27,3.2729
2013-02-28,5.5427
2013-03-01,1.3068
2013-03-02,-0.8763
2013-03-03,0.2264
2013-03-04,2.2273
2013-03-05,3.2638
2013-03-06,6.614
2013-03-07,7.1583
2013-03-08,7.8194
2013-03-09,11.1128
2013-03-10,1.7741
2013-03-11,3.1215
2013-03-12,6.4026
2013-03-13,4.1092
2013-03-14,3.1696
2013-03-15,4.2508
2013-03-16,5.701
2013-03-17,7.0028
2013-03-18,7.6692
2013-03-19,7.2258
2013-03-20,1.9544
2013-03-21,0.8765
2013-03-22,3.0165
2013-03-23,4.3773
2013-03-24,4.5497
2013-03-25,2.1517
2013-03-26,3.465
2013-03-27,6.7123
2013-03-28,6.9095
2013-03-29,4.98
2013-03-30,4.205
2013-03-31,5.2355
2013-04-01,7.9981
2013-04-02,6.4268
2013-04-03,7.7627
2013-04-04,10.5673
2013-04-05,12.5218
2013-04-06,6.7474
2013-04-07,4.606
2013-04-08,7.386
2013-04-09,5.8741
2013-04-10,4.7351
2013-04-11,5.3187
2013-04-12,6.2173
2013-04-13,10.8696
2013-04-14,8.34
2013-04-15,6.5876
2013-04-16,11.8205
2013-04-17,11.7496
2013-04-18,10.5851
2013-04-19,8.6005
2013-04-20,5.6555
2013-04-21,8.1565
2013-04-22,10.5399
2013-04-23,10.5645
2013-04-24,12.16
2013-04-25,9.0996
2013-04-26,10.5587
2013-04-27,11.4864
2013-04-28,14.3532
2013-04-29,13.3162
2013-04-30,12.3997
2013-05-01,11.9622
2013-05-02,11.049
2013-05-03,11.6044
2013-05-04,12.8937
2013-05-05,13.8522
2013-05-06,14.1192
2013-05-07,16.7863
2013-05-08,18.0514
2013-05-09,16.8115
2013-05-10,13.9759
2013-05-11,16.9656
2013-05-12,18.5267
2013-05-13,19.3919
2013-05-14,17.9794
2013-05-15,17.6
2013-05-16,19.5033
2013-05-17,17.8547
2013-05-18,16.3476
2013-05-19,15.5644
2013-05-20,14.4676
2013-05-21,16.4265
2013-05-22,18.1242
2013-05-23,19.6521
2013-05-24,19.8622
2013-05-25,21.9909
2013-05-26,21.9722
2013-05-27,18.7019
2013-05-28,18.1397
2013-05-29,16.1082
2013-05-30,18.5145
2013-05-31,19.7746
2013-06-01,19.9569
2013-06-02,20.6104
2013-06-03,19.1086
2013-06-04,20.8224
2013-06-05,22.2104
2013-06-06,22.5562
2013-06-07,23.2464
2013-06-08,23.7503
2013-06-09,24.3656
2013-06-10,24.3655
2013-06-11,21.3831
2013-06-12,19.7376
2013-06-13,21.6073
2013-06-14,22.9836
2013-06-15,23.2008
2013-06-16,22.4972
2013-06-17,21.9459
2013-06-18,21.1717
2013-06-19,22.8241
2013-06-20,24.2072
2013-06-21,24.29
2013-06-22,23.2845
2013-06-23,21.7835
2013-06-24,22.5658
2013-06-25,23.2982
2013-06-26,23.3419
2013-06-27,23.4924
2013-06-28,23.6294
2013-06-29,24.9053
2013-06-30,25.7199
2013-07-01,25.2822
2013-07-02,23.9719
2013-07-03,24.6941
2013-07-04,24.5612
2013-07-05,24.4835
2013-07-06,24.4427
2013-07-07,24.3028
2013-07-08,23.9119
2013-07-09,24.8914
2013-07-10,24.726
2013-07-11,24.1165
2013-07-12,23.2833
2013-07-13,23.3844
2013-07-14,23.7112
2013-07-15,24.7999
2013-07-16,26.1535
2013-07-17,24.3776
2013-07-18,24.3842
2013-07-19,25.8478
2013-07-20,26.1794
2013-07-21,25.8982
2013-07-22,25.2521
2013-07-23,25.0403
2013-07-24,24.8782
2013-07-25,25.3474
2013-07-26,25.5942
2013-07-27,25.0792
2013-07-28,24.5744
2013-07-29,25.9238
2013-07-30,25.3435
2013-07-31,25.5683
2013-08-01,26.3838
2013-08-02,26.1288
2013-08-03,27.3771
2013-08-04,27.2555
2013-08-05,26.7841
2013-08-06,26.1524
2013-08-07,28.1547
2013-08-08,28.8429
2013-08-09,28.7565
2013-08-10,27.0877
2013-08-11,27.661
2013-08-12,28.2695
2013-08-13,28.0079
2013-08-14,27.7949
2013-08-15,27.9262
2013-08-16,27.9701
2013-08-17,27.9486
2013-08-18,27.5515
2013-08-19,26.954
2013-08-20,25.8685
2013-08-21,26.8695
2013-08-22,27.761
2013-08-23,25.0035
2013-08-24,25.4522
2013-08-25,25.2491
2013-08-26,25.2762
2013-08-27,24.2608
2013-08-28,25.0571
2013-08-29,24.4688
2013-08-30,24.2449
2013-08-31,22.5113
2013-09-01,22.2359
2013-09-02,21.0987
2013-09-03,20.2021
2013-09-04,20.3917
2013-09-05,19.735
2013-09-06,19.8462
2013-09-07,20.7724
2013-09-08,21.3818
2013-09-09,21.7218
2013-09-10,21.0344
2013-09-11,19.9308
2013-09-12,22.1917
2013-09-13,22.1354
2013-09-14,22.1158
2013-09-15,22.1735
2013-09-16,19.6508
2013-09-17,21.2456
2013-09-18,22.7458
2013-09-19,22.7078
2013-09-20,22.2709
2013-09-21,22.5705
2013-09-22,21.6126
2013-09-23,21.689
2013-09-24,20.5381
2013-09-25,18.4615
2013-09-26,16.1955
2013-09-27,16.599
2013-09-28,16.4786
2013-09-29,16.7079
2013-09-30,19.5333
2013-10-01,19.9654
2013-10-02,18.4722
2013-10-03,15.5367
2013-10-04,15.7035
2013-10-05,18.1835
2013-10-06,19.6262
2013-10-07,21.0317
2013-10-08,18.8253
2013-10-09,19.0595
2013-10-10,19.4351
2013-10-11,17.6281
2013-10-12,15.5232
2013-10-13,15.5733
2013-10-14,16.5073
2013-10-15,11.6035
2013-10-16,10.4304
2013-10-17,10.8868
2013-10-18,12.1888
2013-10-19,13.3312
2013-10-20,15.3697
2013-10-21,14.7012
2013-10-22,14.5277
2013-10-23,14.6199
2013-10-24,12.3054
2013-10-25,9.0321
2013-10-26,9.2427
2013-10-27,10.2505
2013-10-28,10.4509
2013-10-29,11.8132
2013-10-30,10.034
2013-10-31,10.5003
2013-11-01,12.8851
2013-11-02,11.0822
2013-11-03,11.386
2013-11-04,11.3381
2013-11-05,10.6871
2013-11-06,11.3681
2013-11-07,11.7681
2013-11-08,7.8691
2013-11-09,10.4203
2013-11-10,6.0095
2013-11-11,2.6435
2013-11-12,3.1837
2013-11-13,3.7754
2013-11-14,5.9518
2013-11-15,7.5078
2013-11-16,6.4378
2013-11-17,5.2085
2013-11-18,1.4369
2013-11-19,1.1547
2013-11-20,1.4494
2013-11-21,2.1936
2013-11-22,3.9994
2013-11-23,5.7988
2013-11-24,6.7108
2013-11-25,4.8255
2013-11-26,1.9097
2013-11-27,-0.3231
2013-11-28,-3.7818
2013-11-29,-0.8312
2013-11-30,4.164
2013-12-01,3.3885
2013-12-02,3.3926
2013-12-03,5.4431
2013-12-04,3.8999
2013-12-05,4.2515
2013-12-06,2.6604
2013-12-07,4.5741
2013-12-08,3.5619
2013-12-09,3.4597
2013-12-10,0.3735
2013-12-11,-1.6315
2013-12-12,-3.1412
2013-12-13,-6.7532
2013-12-14,-5.296
2013-12-15,-4.8717
2013-12-16,-4.199
2013-12-17,-1.1814
2013-12-18,1.4899
2013-12-19,-3.1803
2013-12-20,-3.7833
2013-12-21,-3.0483
2013-12-22,-3.0649
2013-12-23,-1.7019
2013-12-24,-2.6146
2013-12-25,-1.2518
2013-12-26,-0.7983
2013-12-27,-5.794
2013-12-28,-6.4119
2013-12-29,-3.1095
2013-12-30,1.8571
2013-12-31,3.3786
2014-01-01,3.8027
2014-01-02,1.1074
2014-01-03,1.6715
2014-01-04,-0.6074
2014-01-05,-0.9128
2014-01-06,-0.3688
2014-01-07,1.7606
2014-01-08,0.2742
2014-01-09,-7.1346
2014-01-10,-5.2332
2014-01-11,-2.1347
2014-01-12,-2.725
2014-01-13,-6.3096
2014-01-14,-5.0435
2014-01-15,-3.615
2014-01-16,-1.0708
2014-01-17,-1.2864
2014-01-18,-2.4994
2014-01-19,-3.0278
2014-01-20,-1.4678
2014-01-21,-5.3008
2014-01-22,-4.3033
2014-01-23,-1.2905
2014-01-24,3.0076
2014-01-25,3.4897
2014-01-26,-2.1855
2014-01-27,-0.2418
2014-01-28,0.8777
2014-01-29,1.0899
2014-01-30,3.2737
2014-01-31,0.5018
2014-02-01,3.2247
2014-02-02,4.4146
2014-02-03,-2.7836
2014-02-04,-7.0172
2014-02-05,-5.5462
2014-02-06,-2.2273
2014-02-07,1.1395
2014-02-08,-0.2655
2014-02-09,-1.9495
2014-02-10,-1.4422
2014-02-11,-1.3277
2014-02-12,-0.4791
2014-02-13,0.4622
2014-02-14,1.2597
2014-02-15,1.2406
2014-02-16,1.6187
2014-02-17,2.7251
2014-02-18,1.1588
2014-02-19,0.7471
2014-02-20,0.1468
2014-02-21,0.1637
2014-02-22,0.9431
2014-02-23,1.8458
2014-02-24,2.9665
2014-02-25,4.0888
2014-02-26,6.1077
2014-02-27,6.3055
2014-02-28,5.0981
2014-03-01,5.0738
2014-03-02,3.5456
2014-03-03,3.6227
2014-03-04,4.9704
2014-03-05,1.0809
2014-03-06,-0.1814
2014-03-07,-0.6069
2014-03-08,1.36
2014-03-09,1.0771
2014-03-10,0.965
2014-03-11,4.0435
2014-03-12,5.479
2014-03-13,3.9959
2014-03-14,2.7219
2014-03-15,6.11
2014-03-16,9.5621
2014-03-17,11.1296
2014-03-18,9.9531
2014-03-19,7.9181
2014-03-20,5.3904
2014-03-21,4.8546
2014-03-22,7.2982
2014-03-23,8.9354
2014-03-24,10.0912
2014-03-25,13.4626
2014-03-26,13.7464
2014-03-27,11.8344
2014-03-28,14.984
2014-03-29,13.5181
2014-03-30,12.5851
2014-03-31,12.834
2014-04-01,13.8504
2014-04-02,14.0618
2014-04-03,8.6904
2014-04-04,5.6582
2014-04-05,5.0327
2014-04-06,6.911
2014-04-07,10.1313
2014-04-08,10.7446
2014-04-09,10.4374
2014-04-10,10.9995
2014-04-11,11.6823
2014-04-12,12.8113
2014-04-13,14.8056
2014-04-14,14.21
2014-04-15,12.9099
2014-04-16,13.2837
2014-04-17,13.2701
2014-04-18,14.0168
2014-04-19,12.7063
2014-04-20,13.2108
2014-04-21,13.9685
2014-04-22,14.7924
2014-04-23,15.465
2014-04-24,16.6173
2014-04-25,17.2314
2014-04-26,17.2388
2014-04-27,14.7159
2014-04-28,13.1355
2014-04-29,14.2426
2014-04-30,14.8003
2014-05-01,15.2094
2014-05-02,14.9355
2014-05-03,12.7364
2014-05-04,11.8001
2014-05-05,10.5653
2014-05-06,12.0787
2014-05-07,14.5154
2014-05-08,13.6645
2014-05-09,15.0197
2014-05-10,17.9846
2014-05-11,16.9704
2014-05-12,15.7185
2014-05-13,18.5947
2014-05-14,18.8177
2014-05-15,17.4822
2014-05-16,18.1069
2014-05-17,18.1272
2014-05-18,18.3101
2014-05-19,17.8229
2014-05-20,19.4887
2014-05-21,18.2509
2014-05-22,18.4338
2014-05-23,19.3674
2014-05-24,20.3537
2014-05-25,19.5728
2014-05-26,19.0176
2014-05-27,21.6856
2014-05-28,22.1292
2014-05-29,22.3183
2014-05-30,23.0365
2014-05-31,23.8341
2014-06-01,23.4463
2014-06-02,21.1856
2014-06-03,18.516
2014-06-04,21.4276
2014-06-05,21.2671
2014-06-06,22.5769
2014-06-07,21.4791
2014-06-08,20.2287
2014-06-09,21.0901
2014-06-10,21.3905
2014-06-11,19.6078
2014-06-12,19.6746
2014-06-13,19.865
2014-06-14,21.5915
2014-06-15,22.3896
2014-06-16,22.7771
2014-06-17,22.7638
2014-06-18,22.5956
2014-06-19,21.4912
2014-06-20,22.1792
2014-06-21,21.6842
2014-06-22,22.0586
2014-06-23,20.6127
2014-06-24,21.6497
2014-06-25,22.6571
2014-06-26,23.3494
2014-06-27,23.2637
2014-06-28,22.6924
2014-06-29,22.8895
2014-06-30,23.6504
2014-07-01,24.5173
2014-07-02,24.0149
2014-07-03,21.615
2014-07-04,24.9263
2014-07-05,23.969
2014-07-06,23.7699
2014-07-07,25.1051
2014-07-08,24.8717
2014-07-09,26.0151
2014-07-10,26.9423
2014-07-11,26.0137
2014-07-12,24.4482
2014-07-13,24.6676
2014-07-14,25.4213
2014-07-15,25.3091
2014-07-16,25.4074
2014-07-17,25.195
2014-07-18,25.3803
2014-07-19,26.1883
2014-07-20,26.7569
2014-07-21,26.5699
2014-07-22,25.4127
2014-07-23,23.4683
2014-07-24,22.1788
2014-07-25,25.8928
2014-07-26,22.9272
2014-07-27,23.8247
2014-07-28,24.7055
2014-07-29,24.6409
2014-07-30,26.469
2014-07-31,27.2349
2014-08-01,28.5223
2014-08-02,29.4264
2014-08-03,25.4653
2014-08-04,25.6183
2014-08-05,26.1238
2014-08-06,24.0221
2014-08-07,23.3597
2014-08-08,24.5628
2014-08-09,24.7587
2014-08-10,22.2147
2014-08-11,22.8686
2014-08-12,24.5806
2014-08-13,22.9012
2014-08-14,21.2274
2014-08-15,23.6328
2014-08-16,24.7037
2014-08-17,22.7565
2014-08-18,21.4021
2014-08-19,21.5514
2014-08-20,23.5649
2014-08-21,22.4413
2014-08-22,24.1194
2014-08-23,24.4162
2014-08-24,24.1932
2014-08-25,24.3328
2014-08-26,23.7408
2014-08-27,22.8595
2014-08-28,23.3324
2014-08-29,23.3474
2014-08-30,22.8454
2014-08-31,22.1631
2014-09-01,22.8388
2014-09-02,21.95
2014-09-03,19.1809
2014-09-04,22.0014
2014-09-05,22.8633
2014-09-06,23.5846
2014-09-07,23.3885
2014-09-08,23.3385
2014-09-09,21.8128
2014-09-10,20.7995
2014-09-11,21.3981
2014-09-12,20.4973
2014-09-13,21.4763
2014-09-14,21.3128
2014-09-15,21.5955
2014-09-16,20.0232
2014-09-17,19.2345
2014-09-18,18.9403
2014-09-19,19.3144
2014-09-20,19.5372
2014-09-21,18.6809
2014-09-22,19.8165
2014-09-23,21.1317
2014-09-24,19.0465
2014-09-25,20.1055
2014-09-26,19.6131
2014-09-27,20.2921
2014-09-28,20.5435
2014-09-29,18.7451
2014-09-30,17.2649
2014-10-01,17.5359
2014-10-02,17.4118
2014-10-03,15.9045
2014-10-04,15.6947
2014-10-05,15.6208
2014-10-06,14.9924
2014-10-07,14.8171
2014-10-08,15.0696
2014-10-09,16.61
2014-10-10,17.6915
2014-10-11,17.74
2014-10-12,18.6782
2014-10-13,15.8486
2014-10-14,12.3331
2014-10-15,12.5147
2014-10-16,12.4878
2014-10-17,12.1995
2014-10-18,14.0621
2014-10-19,15.5271
2014-10-20,14.1638
2014-10-21,13.4667
2014-10-22,12.3146
2014-10-23,12.2926
2014-10-24,14.0795
2014-10-25,15.1569
2014-10-26,15.0313
2014-10-27,10.3244
2014-10-28,8.9551
2014-10-29,10.7483
2014-10-30,12.6068
2014-10-31,13.8287
2014-11-01,15.585
2014-11-02,11.6146
2014-11-03,8.6404
2014-11-04,9.8645
2014-11-05,11.0959
2014-11-06,12.1421
2014-11-07,8.4187
2014-11-08,9.224
2014-11-09,9.4823
2014-11-10,8.186
2014-11-11,8.7446
2014-11-12,6.1168
2014-11-13,0.2047
2014-11-14,3.9044
2014-11-15,3.7433
2014-11-16,5.8397
2014-11-17,5.6909
2014-11-18,4.0386
2014-11-19,4.4538
2014-11-20,6.6708
2014-11-21,10.1272
2014-11-22,9.5817
2014-11-23,7.6363
2014-11-24,8.5483
2014-11-25,9.1765
2014-11-26,9.1062
2014-11-27,8.5799
2014-11-28,7.7492
2014-11-29,7.6492
2014-11-30,8.0596
2014-12-01,-0.8032
2014-12-02,-5.234
2014-12-03,-2.785
2014-12-04,-4.0444
2014-12-05,-6.0714
2014-12-06,-5.1947
2014-12-07,-3.7255
2014-12-08,-1.759
2014-12-09,-2.9386
2014-12-10,0.9617
2014-12-11,-1.089
2014-12-12,-3.5313
2014-12-13,-4.9621
2014-12-14,-3.8026
2014-12-15,0.1491
2014-12-16,-4.5491
2014-12-17,-8.6309
2014-12-18,-8.415
2014-12-19,-3.4623
2014-12-20,-1.5449
2014-12-21,-6.51
2014-12-22,-5.0282
2014-12-23,-1.3503
2014-12-24,1.7969
2014-12-25,-2.3783
2014-12-26,-3.9172
2014-12-27,-2.5019
2014-12-28,-0.834
2014-12-29,2.0246
2014-12-30,1.2735
2014-12-31,-2.0062
2015-01-01,-7.3967
2015-01-02,-5.9721
2015-01-03,-3.0596
2015-01-04,1.9627
2015-01-05,2.5291
2015-01-06,-2.2781
2015-01-07,-5.4349
2015-01-08,-5.3131
2015-01-09,-2.6994
2015-01-10,-0.5727
2015-01-11,-0.3423
2015-01-12,-3.4941
2015-01-13,-1.3701
2015-01-14,1.3787
2015-01-15,2.02
2015-01-16,0.1618
2015-01-17,-3.5727
2015-01-18,-1.411
2015-01-19,0.0524
2015-01-20,-1.9006
2015-01-21,1.3572
2015-01-22,1.9294
2015-01-23,0.276
2015-01-24,2.4518
2015-01-25,1.921
2015-01-26,3.1976
2015-01-27,-2.8644
2015-01-28,-4.3459
2015-01-29,-1.7971
2015-01-30,-2.7253
2015-01-31,-4.7517
2015-02-01,-3.3712
2015-02-02,-1.6453
2015-02-03,-0.5087
2015-02-04,-0.3671
2015-02-05,-0.6604
2015-02-06,-0.0517
2015-02-07,0.629
2015-02-08,-8.75
2015-02-09,-5.2118
2015-02-10,1.2544
2015-02-11,2.0787
2015-02-12,-1.9262
2015-02-13,-1.6749
2015-02-14,1.5288
2015-02-15,6.6794
2015-02-16,4.2187
2015-02-17,1.8192
2015-02-18,0.8703
2015-02-19,0.9031
2015-02-20,3.4538
2015-02-21,4.9147
2015-02-22,3.5962
2015-02-23,1.0803
2015-02-24,1.6131
2015-02-25,4.355
2015-02-26,1.2288
2015-02-27,-1.8092
2015-02-28,1.7344
2015-03-01,2.4717
2015-03-02,3.27
2015-03-03,2.7158
2015-03-04,-1.7808
2015-03-05,-1.0508
2015-03-06,1.5397
2015-03-07,3.1136
2015-03-08,6.2515
2015-03-09,2.1035
2015-03-10,-3.1803
2015-03-11,0.2976
2015-03-12,2.0191
2015-03-13,4.4359
2015-03-14,3.2669
2015-03-15,4.6815
2015-03-16,8.0021
2015-03-17,9.5058
2015-03-18,9.0391
2015-03-19,10.8286
2015-03-20,11.7073
2015-03-21,10.4617
2015-03-22,7.4772
2015-03-23,4.3796
2015-03-24,4.1787
2015-03-25,5.4915
2015-03-26,7.4708
2015-03-27,8.5833
2015-03-28,9.209
2015-03-29,9.8977
2015-03-30,11.6071
2015-03-31,11.7882
2015-04-01,11.0645
2015-04-02,13.1059
2015-04-03,10.0995
2015-04-04,11.3897
2015-04-05,9.326
2015-04-06,9.2346
2015-04-07,6.6063
2015-04-08,7.0019
2015-04-09,8.1994
2015-04-10,10.1996
2015-04-11,11.5982
2015-04-12,12.5142
2015-04-13,10.7074
2015-04-14,6.5669
2015-04-15,10.4251
2015-04-16,9.9055
2015-04-17,10.3272
2015-04-18,14.1497
2015-04-19,13.3172
2015-04-20,10.9476
2015-04-21,12.4949
2015-04-22,13.1483
2015-04-23,13.8099
2015-04-24,15.045
2015-04-25,14.8485
2015-04-26,17.0056
2015-04-27,17.7122
2015-04-28,18.5503
2015-04-29,16.1246
2015-04-30,19.0931
2015-05-01,19.3723
2015-05-02,19.2117
2015-05-03,17.3056
2015-05-04,15.5264
2015-05-05,13.5704
2015-05-06,14.4685
2015-05-07,15.2235
2015-05-08,15.5323
2015-05-09,16.2038
2015-05-10,16.8163
2015-05-11,16.8178
2015-05-12,13.4342
2015-05-13,17.3115
2015-05-14,19.2727
2015-05-15,17.9609
2015-05-16,17.2717
2015-05-17,17.5491
2015-05-18,16.8196
2015-05-19,15.1408
2015-05-20,15.6188
2015-05-21,18.1556
2015-05-22,19.5536
2015-05-23,19.7018
2015-05-24,19.6682
2015-05-25,19.5059
2015-05-26,20.3514
2015-05-27,20.7182
2015-05-28,22.1227
2015-05-29,22.2319
2015-05-30,18.6573
2015-05-31,20.0806
2015-06-01,20.5431
2015-06-02,21.7069
2015-06-03,21.8155
2015-06-04,22.1519
2015-06-05,17.7454
2015-06-06,20.121
2015-06-07,21.4497
2015-06-08,20.6585
2015-06-09,20.9697
2015-06-10,23.3128
2015-06-11,22.6922
2015-06-12,21.9788
2015-06-13,22.4894
2015-06-14,21.3682
2015-06-15,22.5079
2015-06-16,22.6855
2015-06-17,22.1122
2015-06-18,22.9567
2015-06-19,22.4253
2015-06-20,18.7355
2015-06-21,21.3214
2015-06-22,22.7335
2015-06-23,23.0846
2015-06-24,23.6353
2015-06-25,22.8803
2015-06-26,20.2054
2015-06-27,22.9805
2015-06-28,23.4709
2015-06-29,24.3101
2015-06-30,23.0719
2015-07-01,22.6569
2015-07-02,22.5438
2015-07-03,21.4013
2015-07-04,21.9873
2015-07-05,22.2574
2015-07-06,23.2247
2015-07-07,22.9991
2015-07-08,22.2055
2015-07-09,24.4286
2015-07-10,26.4218
2015-07-11,28.0728
2015-07-12,24.0205
2015-07-13,23.1091
2015-07-14,25.0829
2015-07-15,25.3421
2015-07-16,22.7538
2015-07-17,21.9394
2015-07-18,22.9256
2015-07-19,23.6221
2015-07-20,25.0622
2015-07-21,25.2329
2015-07-22,26.1718
2015-07-23,25.7917
2015-07-24,24.0779
2015-07-25,24.5015
2015-07-26,25.5214
2015-07-27,25.6042
2015-07-28,26.7049
2015-07-29,25.8305
2015-07-30,27.8654
2015-07-31,27.2072
2015-08-01,26.7351
2015-08-02,25.8791
2015-08-03,27.2703
2015-08-04,27.0826
2015-08-05,27.3542
2015-08-06,27.8762
2015-08-07,27.9537
2015-08-08,25.79
2015-08-09,25.8059
2015-08-10,26.0097
2015-08-11,25.6749
2015-08-12,25.8738
2015-08-13,24.9621
2015-08-14,25.2037
2015-08-15,25.9167
2015-08-16,24.7306
2015-08-17,25.1627
2015-08-18,26.1819
2015-08-19,25.2604
2015-08-20,24.551
2015-08-21,24.4064
2015-08-22,24.4156
2015-08-23,24.9787
2015-08-24,24.9951
2015-08-25,21.3042
2015-08-26,21.4896
2015-08-27,23.5344
2015-08-28,22.3891
2015-08-29,23.1592
2015-08-30,23.4379
2015-08-31,24.1719
2015-09-01,24.1721
2015-09-02,22.4733
2015-09-03,22.8665
2015-09-04,23.4418
2015-09-05,21.2106
2015-09-06,20.9797
2015-09-07,21.0231
2015-09-08,20.926
2015-09-09,20.8317
2015-09-10,21.1001
2015-09-11,19.9788
2015-09-12,18.3294
2015-09-13,18.9364
2015-09-14,20.42
2015-09-15,20.6695
2015-09-16,19.616
2015-09-17,19.8815
2015-09-18,20.0094
2015-09-19,20.4882
2015-09-20,20.4053
2015-09-21,20.726
2015-09-22,21.5377
2015-09-23,20.3171
2015-09-24,21.3214
2015-09-25,21.3154
2015-09-26,20.3983
2015-09-27,19.9146
2015-09-28,19.7926
2015-09-29,20.0874
2015-09-30,19.8526
2015-10-01,16.0096
2015-10-02,16.0521
2015-10-03,18.3751
2015-10-04,15.1676
2015-10-05,16.4922
2015-10-06,17.2192
2015-10-07,17.905
2015-10-08,18.4344
2015-10-09,15.6236
2015-10-10,12.1637
2015-10-11,10.5546
2015-10-12,12.1383
2015-10-13,14.18
2015-10-14,15.5567
2015-10-15,16.049
2015-10-16,16.3109
2015-10-17,16.7895
2015-10-18,16.3818
2015-10-19,16.6647
2015-10-20,17.3268
2015-10-21,16.6367
2015-10-22,15.7463
2015-10-23,16.0712
2015-10-24,16.2503
2015-10-25,14.3123
2015-10-26,13.9855
2015-10-27,12.1827
2015-10-28,9.7478
2015-10-29,8.0828
2015-10-30,5.546
2015-10-31,5.094
2015-11-01,6.4724
2015-11-02,10.176
2015-11-03,10.554
2015-11-04,10.8629
2015-11-05,12.0444
2015-11-06,12.3808
2015-11-07,10.4827
2015-11-08,10.8729
2015-11-09,10.564
2015-11-10,9.6749
2015-11-11,10.3336
2015-11-12,12.8559
2015-11-13,11.0076
2015-11-14,12.4294
2015-11-15,12.9573
2015-11-16,11.7072
2015-11-17,12.9055
2015-11-18,9.9733
2015-11-19,8.5918
2015-11-20,9.3183
2015-11-21,8.5036
2015-11-22,9.3101
2015-11-23,7.7153
2015-11-24,5.3074
2015-11-25,2.599
2015-11-26,-1.9094
2015-11-27,-2.0369
2015-11-28,0.4136
2015-11-29,2.8723
2015-11-30,4.0338
2015-12-01,3.354
2015-12-02,5.8624
2015-12-03,-0.1591
2015-12-04,0.0092
2015-12-05,3.5822
2015-12-06,1.0505
2015-12-07,1.6623
2015-12-08,2.5126
2015-12-09,4.126
2015-12-10,6.8291
2015-12-11,6.2004
2015-12-12,3.7726
2015-12-13,4.0632
2015-12-14,4.6522
2015-12-15,5.0105
2015-12-16,-0.3677
2015-12-17,-4.0329
2015-12-18,-2.6909
2015-12-19,-0.646
2015-12-20,0.9712
2015-12-21,2.3603
2015-12-22,2.5881
2015-12-23,4.7294
2015-12-24,1.7013
2015-12-25,-0.3436
2015-12-26,1.3022
2015-12-27,-4.934
2015-12-28,-5.3479
2015-12-29,-3.3403
2015-12-30,0.2754
2015-12-31,0.9785
2016-01-01,1.141
2016-01-02,5.6442
2016-01-03,5.2955
2016-01-04,2.5349
2016-01-05,-1.8856
2016-01-06,-1.6124
2016-01-07,-2.8494
2016-01-08,-3.2164
2016-01-09,-1.8418
2016-01-10,0.2905
2016-01-11,-3.7881
2016-01-12,-4.9376
2016-01-13,-4.1655
2016-01-14,-3.746
2016-01-15,-1.6055
2016-01-16,-1.0222
2016-01-17,0.7856
2016-01-18,-5.7326
2016-01-19,-11.7368
2016-01-20,-10.0408
2016-01-21,-6.9515
2016-01-22,-7.0797
2016-01-23,-10.6546
2016-01-24,-13.4131
2016-01-25,-9.0913
2016-01-26,-3.4418
2016-01-27,-1.4288
2016-01-28,-1.1544
2016-01-29,1.1397
2016-01-30,0.0486
2016-01-31,-3.3253
2016-02-01,-5.576
2016-02-02,-5.3036
2016-02-03,-3.086
2016-02-04,-0.776
2016-02-05,-2.34
2016-02-06,-3.2188
2016-02-07,-3.4397
2016-02-08,0.5521
2016-02-09,0.6237
2016-02-10,1.1218
2016-02-11,6.1921
2016-02-12,7.4596
2016-02-13,9.4963
2016-02-14,-1.9163
2016-02-15,-5.2235
2016-02-16,-2.3458
2016-02-17,-0.0265
2016-02-18,3.506
2016-02-19,2.3153
2016-02-20,1.2833
2016-02-21,-0.5171
2016-02-22,1.1832
2016-02-23,0.7858
2016-02-24,-2.679
2016-02-25,-0.3831
2016-02-26,1.7209
2016-02-27,2.4187
2016-02-28,0.5601
2016-02-29,-3.5172
2016-03-01,-2.6624
2016-03-02,2.7972
2016-03-03,6.8051
2016-03-04,10.5377
2016-03-05,9.7241
2016-03-06,7.5745
2016-03-07,6.9951
2016-03-08,2.9762
2016-03-09,0.4823
2016-03-10,-0.5481
2016-03-11,-0.4058
2016-03-12,1.9323
2016-03-13,3.1964
2016-03-14,3.7441
2016-03-15,4.8785
2016-03-16,7.3292
2016-03-17,8.4813
2016-03-18,11.846
2016-03-19,9.7653
2016-03-20,8.2837
2016-03-21,8.5354
2016-03-22,7.5288
2016-03-23,6.8947
2016-03-24,5.8468
2016-03-25,5.4778
2016-03-26,5.6465
2016-03-27,6.6303
2016-03-28,8.835
2016-03-29,10.861
2016-03-30,10.7081
2016-03-31,12.294
2016-04-01,13.204
2016-04-02,13.1623
2016-04-03,10.0288
2016-04-04,11.2095
2016-04-05,11.019
2016-04-06,13.3104
2016-04-07,13.3833
2016-04-08,11.3658
2016-04-09,11.4769
2016-04-10,11.8038
2016-04-11,10.6654
2016-04-12,12.6351
2016-04-13,13.9713
2016-04-14,11.9746
2016-04-15,13.7185
2016-04-16,14.0833
2016-04-17,11.0896
2016-04-18,10.7937
2016-04-19,11.3214
2016-04-20,13.4592
2016-04-21,13.0063
2016-04-22,14.0885
2016-04-23,13.114
2016-04-24,14.0318
2016-04-25,15.9315
2016-04-26,18.3817
2016-04-27,14.7859
2016-04-28,14.7347
2016-04-29,14.7646
2016-04-30,15.415
2016-05-01,17.3312
2016-05-02,19.28
2016-05-03,13.2363
2016-05-04,15.4756
2016-05-05,17.4677
2016-05-06,15.3359
2016-05-07,15.9722
2016-05-08,17.9219
2016-05-09,18.4058
2016-05-10,13.5836
2016-05-11,15.6564
2016-05-12,17.016
2016-05-13,16.7456
2016-05-14,18.1312
2016-05-15,16.2846
2016-05-16,15.2869
2016-05-17,17.941
2016-05-18,20.7845
2016-05-19,22.3335
2016-05-20,21.3914
2016-05-21,21.5085
2016-05-22,21.949
2016-05-23,20.8641
2016-05-24,16.4268
2016-05-25,18.7291
2016-05-26,18.6008
2016-05-27,19.8737
2016-05-28,20.6221
2016-05-29,20.2749
2016-05-30,20.6553
2016-05-31,20.3601
2016-06-01,21.3969
2016-06-02,21.2015
2016-06-03,21.0895
2016-06-04,19.9146
2016-06-05,22.1204
2016-06-06,21.2326
2016-06-07,20.9606
2016-06-08,20.8426
2016-06-09,22.2328
2016-06-10,22.6986
2016-06-11,22.5908
2016-06-12,22.5027
2016-06-13,22.0832
2016-06-14,22.0059
2016-06-15,20.0528
2016-06-16,20.6529
2016-06-17,22.9415
2016-06-18,22.9894
2016-06-19,22.5474
2016-06-20,23.1572
2016-06-21,23.8512
2016-06-22,22.9217
2016-06-23,23.5638
2016-06-24,21.7631
2016-06-25,21.915
2016-06-26,23.3436
2016-06-27,22.8447
2016-06-28,23.1081
2016-06-29,23.6722
2016-06-30,23.9519
2016-07-01,23.4279
2016-07-02,22.9722
2016-07-03,22.7604
2016-07-04,20.9924
2016-07-05,21.5017
2016-07-06,21.2604
2016-07-07,22.7836
2016-07-08,25.4428
2016-07-09,25.8481
2016-07-10,26.0063
2016-07-11,26.7329
2016-07-12,24.9446
2016-07-13,25.0595
2016-07-14,25.4599
2016-07-15,24.4809
2016-07-16,20.1005
2016-07-17,21.1417
2016-07-18,23.2253
2016-07-19,24.9232
2016-07-20,26.2264
2016-07-21,25.9891
2016-07-22,26.9665
2016-07-23,26.7209
2016-07-24,26.5217
2016-07-25,26.7482
2016-07-26,26.9645
2016-07-27,26.5604
2016-07-28,26.95
2016-07-29,25.4096
2016-07-30,27.4942
2016-07-31,27.3244
2016-08-01,26.8631
2016-08-02,26.1303
2016-08-03,27.4577
2016-08-04,28.3197
2016-08-05,28.7265
2016-08-06,28.6649
2016-08-07,28.8274
2016-08-08,28.3253
2016-08-09,27.8577
2016-08-10,28.2253
2016-08-11,28.969
2016-08-12,29.0671
2016-08-13,29.1404
2016-08-14,27.9265
2016-08-15,27.7624
2016-08-16,27.7437
2016-08-17,27.8922
2016-08-18,27.9512
2016-08-19,27.8476
2016-08-20,28.5086
2016-08-21,28.2682
2016-08-22,28.0031
2016-08-23,27.1959
2016-08-24,27.4036
2016-08-25,25.9763
2016-08-26,21.4404
2016-08-27,21.6085
2016-08-28,20.0646
2016-08-29,20.5676
2016-08-30,19.7544
2016-08-31,18.0256
2016-09-01,22.3914
2016-09-02,22.7219
2016-09-03,22.8505
2016-09-04,23.8564
2016-09-05,24.6173
2016-09-06,23.3632
2016-09-07,23.0603
2016-09-08,22.1027
2016-09-09,22.5406
2016-09-10,22.7597
2016-09-11,22.8756
2016-09-12,22.516
2016-09-13,22.8399
2016-09-14,22.9151
2016-09-15,22.3626
2016-09-16,22.9026
2016-09-17,21.6278
2016-09-18,21.8027
2016-09-19,20.1627
2016-09-20,19.0068
2016-09-21,18.3487
2016-09-22,19.7404
2016-09-23,19.6095
2016-09-24,20.4278
2016-09-25,21.1659
2016-09-26,21.5733
2016-09-27,19.9362
2016-09-28,19.1615
2016-09-29,18.8555
2016-09-30,19.0153
2016-10-01,19.535
2016-10-02,18.184
2016-10-03,21.1407
2016-10-04,20.2538
2016-10-05,19.4208
2016-10-06,17.073
2016-10-07,18.436
2016-10-08,16.5723
2016-10-09,11.2095
2016-10-10,12.5476
2016-10-11,14.4594
2016-10-12,14.0269
2016-10-13,13.8298
2016-10-14,15.3107
2016-10-15,17.2227
2016-10-16,16.0606
2016-10-17,16.7221
2016-10-18,15.5523
2016-10-19,16.653
2016-10-20,16.8676
2016-10-21,16.629
2016-10-22,16.8374
2016-10-23,12.4969
2016-10-24,13.2377
2016-10-25,13.3207
2016-10-26,12.7895
2016-10-27,13.9139
2016-10-28,13.7462
2016-10-29,7.9787
2016-10-30,7.0946
2016-10-31,5.9385
2016-11-01,1.9823
2016-11-02,4.0843
2016-11-03,8.6383
2016-11-04,11.9721
2016-11-05,14.2994
2016-11-06,12.7167
2016-11-07,12.2744
2016-11-08,4.8995
2016-11-09,2.1996
2016-11-10,5.5055
2016-11-11,8.8806
2016-11-12,10.8754
2016-11-13,13.1003
2016-11-14,12.6785
2016-11-15,5.9207
2016-11-16,4.9268
2016-11-17,7.7114
2016-11-18,9.2971
2016-11-19,12.2481
2016-11-20,9.606
2016-11-21,7.9245
2016-11-22,2.7208
2016-11-23,-0.6779
2016-11-24,-1.7686
2016-11-25,0.3901
2016-11-26,0.8551
2016-11-27,3.4458
2016-11-28,1.5883
2016-11-29,1.2996
2016-11-30,5.4638
2016-12-01,4.5339
2016-12-02,1.8065
2016-12-03,3.9949
2016-12-04,5.1725
2016-12-05,5.9648
2016-12-06,-0.4296
2016-12-07,1.2943
2016-12-08,1.843
2016-12-09,1.6918
2016-12-10,-1.3721
2016-12-11,-1.5275
2016-12-12,1.5948
2016-12-13,2.9457
2016-12-14,-0.9011
2016-12-15,-4.1187
2016-12-16,-4.283
2016-12-17,2.9133
2016-12-18,4.7619
2016-12-19,6.287
2016-12-20,5.7462
2016-12-21,6.747
2016-12-22,5.4411
2016-12-23,-1.4876
2016-12-24,-1.7068
2016-12-25,0.8688
2016-12-26,2.4812
2016-12-27,-1.6733
2016-12-28,-3.4827
2016-12-29,-3.5908
2016-12-30,-3.3487
2016-12-31,0.6119
2017-01-01,2.479
2017-01-02,4.5273
2017-01-03,2.0269
2017-01-04,3.286
2017-01-05,3.0846
2017-01-06,4.406
2017-01-07,3.3917
2017-01-08,5.7652
2017-01-09,2.1242
2017-01-10,-2.7612
2017-01-11,-3.321
2017-01-12,-1.8431
2017-01-13,-5.4143
2017-01-14,-7.7774
2017-01-15,-6.3244
2017-01-16,-4.4333
2017-01-17,-2.5149
2017-01-18,-1.0264
2017-01-19,-1.6104
2017-01-20,-4.0389
2017-01-21,-5.2371
2017-01-22,-7.3662
2017-01-23,-8.7501
2017-01-24,-7.2945
2017-01-25,-5.6089
2017-01-26,-1.6317
2017-01-27,-1.9868
2017-01-28,-2.1831
2017-01-29,0.4712
2017-01-30,-4.2342
2017-01-31,-5.6
2017-02-01,-3.8633
2017-02-02,-2.5126
2017-02-03,0.7243
2017-02-04,0.7868
2017-02-05,1.5905
2017-02-06,-1.2258
2017-02-07,-2.2046
2017-02-08,-1.8074
2017-02-09,-4.5443
2017-02-10,-6.0806
2017-02-11,-4.5976
2017-02-12,-2.3349
2017-02-13,-0.6735
2017-02-14,-0.2949
2017-02-15,1.3371
2017-02-16,5.4158
2017-02-17,1.7706
2017-02-18,-1.8331
2017-02-19,1.9993
2017-02-20,-0.8135
2017-02-21,-1.2475
2017-02-22,1.1836
2017-02-23,-0.6467
2017-02-24,-0.5617
2017-02-25,2.0424
2017-02-26,2.5974
2017-02-27,2.8606
2017-02-28,4.5954
2017-03-01,4.5287
2017-03-02,1.7293
2017-03-03,3.0014
2017-03-04,4.485
2017-03-05,4.2917
2017-03-06,0.587
2017-03-07,-1.102
2017-03-08,0.1415
2017-03-09,3.2343
2017-03-10,4.276
2017-03-11,5.8899
2017-03-12,7.3282
2017-03-13,6.1452
2017-03-14,4.6346
2017-03-15,4.5785
2017-03-16,5.0796
2017-03-17,6.717
2017-03-18,8.373
2017-03-19,9.1164
2017-03-20,8.7489
2017-03-21,6.3165
2017-03-22,6.6625
2017-03-23,7.58
2017-03-24,7.0937
2017-03-25,6.116
2017-03-26,5.9744
2017-03-27,5.5733
2017-03-28,6.0926
2017-03-29,7.782
2017-03-30,9.446
2017-03-31,7.5
2017-04-01,7.4024
2017-04-02,8.0737
2017-04-03,10.5987
2017-04-04,12.4532
2017-04-05,11.2107
2017-04-06,10.7279
2017-04-07,13.3449
2017-04-08,12.5196
2017-04-09,13.0376
2017-04-10,14.1623
2017-04-11,13.3832
2017-04-12,10.8954
2017-04-13,11.7871
2017-04-14,12.631
2017-04-15,15.6098
2017-04-16,16.9493
2017-04-17,13.459
2017-04-18,11.0813
2017-04-19,12.1248
2017-04-20,12.3007
2017-04-21,11.7452
2017-04-22,13.3858
2017-04-23,13.7198
2017-04-24,14.1507
2017-04-25,15.0532
2017-04-26,14.1424
2017-04-27,12.6885
2017-04-28,14.0069
2017-04-29,15.901
2017-04-30,17.9224
2017-05-01,18.1373
2017-05-02,18.1279
2017-05-03,19.2861
2017-05-04,19.5013
2017-05-05,19.8552
2017-05-06,14.3706
2017-05-07,15.7698
2017-05-08,17.1071
2017-05-09,15.4599
2017-05-10,15.2165
2017-05-11,17.8458
2017-05-12,18.0588
2017-05-13,15.7827
2017-05-14,15.3286
2017-05-15,15.0683
2017-05-16,15.9682
2017-05-17,17.1576
2017-05-18,19.2057
2017-05-19,20.1938
2017-05-20,20.0017
2017-05-21,20.3007
2017-05-22,19.9255
2017-05-23,18.3685
2017-05-24,19.8694
2017-05-25,18.0915
2017-05-26,16.0945
2017-05-27,17.8098
2017-05-28,19.862
2017-05-29,21.7056
2017-05-30,21.8995
2017-05-31,21.1068
2017-06-01,20.8158
2017-06-02,18.656
2017-06-03,18.9374
2017-06-04,19.8394
2017-06-05,21.355
2017-06-06,17.9068
2017-06-07,16.8838
2017-06-08,19.5808
2017-06-09,20.5182
2017-06-10,20.1044
2017-06-11,20.4506
2017-06-12,20.0298
2017-06-13,19.2951
2017-06-14,20.5855
2017-06-15,21.894
2017-06-16,22.8412
2017-06-17,22.5398
2017-06-18,22.7392
2017-06-19,23.0711
2017-06-20,24.0879
2017-06-21,23.7344
2017-06-22,23.8775
2017-06-23,24.6987
2017-06-24,22.8364
2017-06-25,22.5562
2017-06-26,22.2838
2017-06-27,23.564
2017-06-28,24.3556
2017-06-29,24.5383
2017-06-30,24.9649
2017-07-01,24.4846
2017-07-02,23.852
2017-07-03,24.0789
2017-07-04,25.3802
2017-07-05,25.9129
2017-07-06,26.1677
2017-07-07,25.3777
2017-07-08,25.2138
2017-07-09,25.9639
2017-07-10,23.9437
2017-07-11,25.6314
2017-07-12,26.366
2017-07-13,26.3014
2017-07-14,27.0152
2017-07-15,24.4987
2017-07-16,25.3215
2017-07-17,25.9865
2017-07-18,25.9511
2017-07-19,27.0814
2017-07-20,28.2236
2017-07-21,28.5063
2017-07-22,27.2725
2017-07-23,25.8477
2017-07-24,25.2329
2017-07-25,27.2839
2017-07-26,26.6049
2017-07-27,25.4167
2017-07-28,24.1549
2017-07-29,25.5931
2017-07-30,26.1482
2017-07-31,24.2498
2017-08-01,26.8018
2017-08-02,28.0094
2017-08-03,27.8657
2017-08-04,28.1106
2017-08-05,29.3136
2017-08-06,28.4237
2017-08-07,27.5792
2017-08-08,26.6525
2017-08-09,25.943
2017-08-10,24.3393
2017-08-11,25.4127
2017-08-12,25.7669
2017-08-13,24.8093
2017-08-14,23.5856
2017-08-15,21.5479
2017-08-16,22.3195
2017-08-17,23.4668
2017-08-18,24.566
2017-08-19,24.5721
2017-08-20,22.79
2017-08-21,24.617
2017-08-22,26.0429
2017-08-23,26.0135
2017-08-24,25.8963
2017-08-25,24.3376
2017-08-26,22.6657
2017-08-27,21.1929
2017-08-28,20.6138
2017-08-29,19.1479
2017-08-30,18.8604
2017-08-31,20.5904
2017-09-01,21.2536
2017-09-02,21.4706
2017-09-03,21.7757
2017-09-04,22.4008
2017-09-05,20.5499
2017-09-06,19.8633
2017-09-07,21.5746
2017-09-08,22.9077
2017-09-09,22.407
2017-09-10,21.7711
2017-09-11,20.0621
2017-09-12,20.8681
2017-09-13,19.7665
2017-09-14,20.1742
2017-09-15,20.8356
2017-09-16,20.1399
2017-09-17,20.9626
2017-09-18,20.4485
2017-09-19,21.135
2017-09-20,18.4026
2017-09-21,18.3736
2017-09-22,18.9436
2017-09-23,20.1938
2017-09-24,20.7479
2017-09-25,21.4127
2017-09-26,22.4924
2017-09-27,20.7125
2017-09-28,18.3532
2017-09-29,15.731
2017-09-30,18.5458
2017-10-01,16.9218
2017-10-02,19.719
2017-10-03,16.147
2017-10-04,15.1387
2017-10-05,16.5154
2017-10-06,17.0961
2017-10-07,19.7963
2017-10-08,20.7264
2017-10-09,20.5775
2017-10-10,19.6608
2017-10-11,14.8829
2017-10-12,11.2861
2017-10-13,11.805
2017-10-14,12.8849
2017-10-15,13.9545
2017-10-16,14.9835
2017-10-17,14.4205
2017-10-18,14.865
2017-10-19,15.1693
2017-10-20,14.8755
2017-10-21,15.0286
2017-10-22,14.4952
2017-10-23,12.178
2017-10-24,12.1177
2017-10-25,12.4013
2017-10-26,13.2006
2017-10-27,14.9236
2017-10-28,15.1454
2017-10-29,10.8611
2017-10-30,6.9744
2017-10-31,9.0876
2017-11-01,13.3948
2017-11-02,14.565
2017-11-03,11.4994
2017-11-04,6.9792
2017-11-05,7.512
2017-11-06,10.4683
2017-11-07,13.3765
2017-11-08,12.5395
2017-11-09,8.1806
2017-11-10,9.2757
2017-11-11,5.3624
2017-11-12,4.7215
2017-11-13,8.0127
2017-11-14,7.0437
2017-11-15,2.8337
2017-11-16,0.6381
2017-11-17,2.408
2017-11-18,-1.4255
2017-11-19,-1.4923
2017-11-20,-0.5751
2017-11-21,0.7635
2017-11-22,3.7071
2017-11-23,0.6188
2017-11-24,-0.6431
2017-11-25,2.7564
2017-11-26,2.7415
2017-11-27,1.5839
2017-11-28,5.5319
2017-11-29,3.6271
2017-11-30,-1.6639
2017-12-01,-2.4562
2017-12-02,1.1279
2017-12-03,4.1612
2017-12-04,-0.8612
2017-12-05,-4.0732
2017-12-06,-0.1124
2017-12-07,0.4976
2017-12-08,-3.5288
2017-12-09,-0.9654
2017-12-10,1.0814
2017-12-11,-6.8842
2017-12-12,-9.003
2017-12-13,-8.4038
2017-12-14,-6.8699
2017-12-15,-3.3454
2017-12-16,-5.1795
2017-12-17,-6.8638
2017-12-18,-1.7755
2017-12-19,-4.5685
2017-12-20,-3.9104
2017-12-21,-1.3826
2017-12-22,2.6212
2017-12-23,4.4502
2017-12-24,2.3313
2017-12-25,-2.1715
2017-12-26,-3.986
2017-12-27,-6.7836
2017-12-28,-2.7273
2017-12-29,1.4073
2017-12-30,0.8218
2017-12-31,-0.0454
2018-01-01,-1.8992
2018-01-02,-2.184
2018-01-03,-4.6489
2018-01-04,-4.9594
2018-01-05,-3.2655
2018-01-06,-3.4024
2018-01-07,-1.7719
2018-01-08,1.0139
2018-01-09,-4.0769
2018-01-10,-7.552
2018-01-11,-10.9981
2018-01-12,-10.3181
2018-01-13,-4.8358
2018-01-14,0.232
2018-01-15,3.7636
2018-01-16,2.3362
2018-01-17,3.4606
2018-01-18,1.6149
2018-01-19,0.5543
2018-01-20,0.927
2018-01-21,-0.8486
2018-01-22,-0.6932
2018-01-23,-11.1677
2018-01-24,-13.8336
2018-01-25,-13.6029
2018-01-26,-14.3749
2018-01-27,-9.9689
2018-01-28,-5.8685
2018-01-29,-8.5473
2018-01-30,-5.5552
2018-01-31,-2.7805
2018-02-01,-4.6506
2018-02-02,-3.4787
2018-02-03,-7.0779
2018-02-04,-9.4305
2018-02-05,-9.5839
2018-02-06,-10.1865
2018-02-07,-8.6276
2018-02-08,-5.3877
2018-02-09,-0.6477
2018-02-10,-0.9399
2018-02-11,-6.2749
2018-02-12,-6.0601
2018-02-13,-1.3858
2018-02-14,3.0887
2018-02-15,-0.8845
2018-02-16,-1.4374
2018-02-17,-2.7655
2018-02-18,-0.9633
2018-02-19,0.8732
2018-02-20,0.387
2018-02-21,-1.4085
2018-02-22,0.6018
2018-02-23,3.2882
2018-02-24,1.5244
2018-02-25,0.9723
2018-02-26,1.5393
2018-02-27,2.7583
2018-02-28,3.7448
2018-03-01,-0.1132
2018-03-02,-0.9549
2018-03-03,6.8955
2018-03-04,8.6207
2018-03-05,3.6587
2018-03-06,2.7892
2018-03-07,4.7468
2018-03-08,3.4625
2018-03-09,3.29
2018-03-10,3.7404
2018-03-11,5.2067
2018-03-12,6.6645
2018-03-13,11.2468
2018-03-14,15.1049
2018-03-15,10.884
2018-03-16,4.853
2018-03-17,5.3351
2018-03-18,7.0021
2018-03-19,7.2079
2018-03-20,3.9875
2018-03-21,1.8867
2018-03-22,4.4094
2018-03-23,5.4863
2018-03-24,7.3721
2018-03-25,8.6449
2018-03-26,9.7606
2018-03-27,12.0277
2018-03-28,13.4465
2018-03-29,13.5398
2018-03-30,12.792
2018-03-31,12.928
2018-04-01,14.3212
2018-04-02,16.9963
2018-04-03,16.0382
2018-04-04,10.4398
2018-04-05,6.7271
2018-04-06,5.669
2018-04-07,4.1161
2018-04-08,3.5888
2018-04-09,7.0669
2018-04-10,13.7827
2018-04-11,12.4371
2018-04-12,12.218
2018-04-13,13.025
2018-04-14,8.273
2018-04-15,9.2043
2018-04-16,10.7354
2018-04-17,11.5717
2018-04-18,11.8074
2018-04-19,13.5774
2018-04-20,16.9158
2018-04-21,17.6642
2018-04-22,14.1576
2018-04-23,9.0021
2018-04-24,10.9589
2018-04-25,13.3636
2018-04-26,14.1848
2018-04-27,14.08
2018-04-28,14.6579
2018-04-29,15.3629
2018-04-30,17.4336
2018-05-01,18.3338
2018-05-02,13.3843
2018-05-03,10.5563
2018-05-04,13.88
2018-05-05,17.1021
2018-05-06,15.4585
2018-05-07,17.2512
2018-05-08,15.4032
2018-05-09,13.639
2018-05-10,14.0874
2018-05-11,15.1192
2018-05-12,13.2358
2018-05-13,15.2648
2018-05-14,17.2095
2018-05-15,21.6918
2018-05-16,20.8636
2018-05-17,19.6887
2018-05-18,14.4718
2018-05-19,16.1519
2018-05-20,15.6988
2018-05-21,15.9532
2018-05-22,16.5674
2018-05-23,16.633
2018-05-24,17.7511
2018-05-25,18.5423
2018-05-26,19.8026
2018-05-27,18.6954
2018-05-28,20.1252
2018-05-29,19.912
2018-05-30,18.8793
2018-05-31,19.4023
2018-06-01,22.1668
2018-06-02,22.049
2018-06-03,22.1242
2018-06-04,21.0924
2018-06-05,22.1333
2018-06-06,21.6115
2018-06-07,21.484
2018-06-08,20.8795
2018-06-09,21.2508
2018-06-10,19.5535
2018-06-11,18.6649
2018-06-12,19.6943
2018-06-13,20.203
2018-06-14,19.9935
2018-06-15,19.8919
2018-06-16,20.389
2018-06-17,20.8055
2018-06-18,22.8133
2018-06-19,21.1661
2018-06-20,21.7929
2018-06-21,22.3575
2018-06-22,23.333
2018-06-23,23.3067
2018-06-24,24.3195
2018-06-25,24.8718
2018-06-26,21.3099
2018-06-27,21.989
2018-06-28,22.4437
2018-06-29,23.3665
2018-06-30,23.4582
2018-07-01,21.2801
2018-07-02,22.0105
2018-07-03,25.5429
2018-07-04,25.3217
2018-07-05,23.6168
2018-07-06,22.2371
2018-07-07,21.4618
2018-07-08,21.2342
2018-07-09,19.6064
2018-07-10,22.7568
2018-07-11,24.9921
2018-07-12,25.7863
2018-07-13,26.1533
2018-07-14,26.6482
2018-07-15,26.9339
2018-07-16,26.9056
2018-07-17,26.5404
2018-07-18,26.368
2018-07-19,26.7969
2018-07-20,27.5639
2018-07-21,28.4531
2018-07-22,29.6283
2018-07-23,29.604
2018-07-24,29.6457
2018-07-25,28.834
2018-07-26,28.7662
2018-07-27,29.3545
2018-07-28,28.5138
2018-07-29,29.3205
2018-07-30,29.5419
2018-07-31,29.9592
2018-08-01,30.9249
2018-08-02,31.1001
2018-08-03,31.0275
2018-08-04,29.9205
2018-08-05,29.2724
2018-08-06,28.5733
2018-08-07,28.8795
2018-08-08,29.0025
2018-08-09,27.4901
2018-08-10,28.3999
2018-08-11,28.6576
2018-08-12,28.6436
2018-08-13,29.1206
2018-08-14,29.6982
2018-08-15,29.5752
2018-08-16,27.676
2018-08-17,24.9871
2018-08-18,24.5064
2018-08-19,25.6271
2018-08-20,26.8788
2018-08-21,25.2726
2018-08-22,28.0658
2018-08-23,27.1986
2018-08-24,23.7244
2018-08-25,24.1571
2018-08-26,22.1027
2018-08-27,22.3113
2018-08-28,22.9552
2018-08-29,24.2319
2018-08-30,24.9396
2018-08-31,23.988
2018-09-01,23.8071
2018-09-02,23.1785
2018-09-03,22.4658
2018-09-04,22.6771
2018-09-05,23.0643
2018-09-06,22.8298
2018-09-07,20.9939
2018-09-08,20.0224
2018-09-09,20.3219
2018-09-10,20.8238
2018-09-11,19.8181
2018-09-12,20.7655
2018-09-13,21.4388
2018-09-14,21.9498
2018-09-15,21.9852
2018-09-16,21.4024
2018-09-17,21.1657
2018-09-18,20.4731
2018-09-19,20.4408
2018-09-20,18.3368
2018-09-21,18.679
2018-09-22,19.9124
2018-09-23,18.1899
2018-09-24,16.2865
2018-09-25,16.3576
2018-09-26,17.6557
2018-09-27,17.1315
2018-09-28,16.064
2018-09-29,18.5314
2018-09-30,16.84
2018-10-01,14.7138
2018-10-02,14.6512
2018-10-03,15.6142
2018-10-04,17.8562
2018-10-05,16.3575
2018-10-06,17.5598
2018-10-07,16.0071
2018-10-08,13.6343
2018-10-09,14.219
2018-10-10,11.9713
2018-10-11,9.4137
2018-10-12,9.8426
2018-10-13,11.2392
2018-10-14,12.4062
2018-10-15,13.8646
2018-10-16,13.1501
2018-10-17,11.4387
2018-10-18,11.3575
2018-10-19,12.0148
2018-10-20,11.6626
2018-10-21,11.7235
2018-10-22,12.4451
2018-10-23,11.4498
2018-10-24,11.6383
2018-10-25,12.4139
2018-10-26,11.692
2018-10-27,8.548
2018-10-28,7.8511
2018-10-29,7.0933
2018-10-30,6.0404
2018-10-31,6.9083
2018-11-01,7.6068
2018-11-02,9.341
2018-11-03,9.9471
2018-11-04,10.3081
2018-11-05,10.8658
2018-11-06,11.339
2018-11-07,11.9696
2018-11-08,11.8648
2018-11-09,11.9467
2018-11-10,10.9305
2018-11-11,7.5211
2018-11-12,7.6183
2018-11-13,8.2024
2018-11-14,8.4417
2018-11-15,8.182
2018-11-16,7.9167
2018-11-17,5.1443
2018-11-18,5.7619
2018-11-19,5.8213
2018-11-20,6.1401
2018-11-21,5.4504
2018-11-22,2.211
2018-11-23,1.2962
2018-11-24,2.4636
2018-11-25,4.6139
2018-11-26,5.601
2018-11-27,6.6777
2018-11-28,4.146
2018-11-29,2.8719
2018-11-30,2.2956
2018-12-01,4.2107
2018-12-02,6.5433
2018-12-03,9.6612
2018-12-04,6.9479
2018-12-05,0.4355
2018-12-06,2.1839
2018-12-07,-6.5677
2018-12-08,-7.7458
2018-12-09,-6.9183
2018-12-10,-3.4468
2018-12-11,-0.836
2018-12-12,-2.1856
2018-12-13,-2.508
2018-12-14,-4.8685
2018-12-15,-3.0937
2018-12-16,0.0877
2018-12-17,1.4423
2018-12-18,1.6335
2018-12-19,3.1545
2018-12-20,1.9017
2018-12-21,3.8999
2018-12-22,5.3682
2018-12-23,2.6986
2018-12-24,-2.399
2018-12-25,-0.082
2018-12-26,-1.1944
2018-12-27,-9.12
2018-12-28,-9.8743
2018-12-29,-7.3473
2018-12-30,-7.3223
2018-12-31,-5.8164
2019-01-01,-5.234
2019-01-02,-5.1981
2019-01-03,-4.1002
2019-01-04,-1.7824
2019-01-05,-2.861
2019-01-06,-3.4198
2019-01-07,-2.4927
2019-01-08,-3.6046
2019-01-09,-5.378
2019-01-10,-0.8631
2019-01-11,0.9127
2019-01-12,1.6993
2019-01-13,0.2824
2019-01-14,0.0462
2019-01-15,-1.8364
2019-01-16,-5.1325
2019-01-17,-0.6487
2019-01-18,-0.5358
2019-01-19,2.0123
2019-01-20,-1.0732
2019-01-21,-1.4367
2019-01-22,0.8927
2019-01-23,1.4326
2019-01-24,-0.883
2019-01-25,-1.9114
2019-01-26,-2.9155
2019-01-27,-0.6811
2019-01-28,1.085
2019-01-29,-0.9511
2019-01-30,1.5973
2019-01-31,-1.7144
2019-02-01,-2.3658
2019-02-02,1.2306
2019-02-03,2.8683
2019-02-04,-0.2512
2019-02-05,2.1575
2019-02-06,4.053
2019-02-07,-1.6917
2019-02-08,-5.7667
2019-02-09,-4.7531
2019-02-10,-4.7249
2019-02-11,-2.756
2019-02-12,-1.253
2019-02-13,-2.4785
2019-02-14,-1.593
2019-02-15,-0.7411
2019-02-16,-2.5732
2019-02-17,-1.814
2019-02-18,0.4857
2019-02-19,1.2289
2019-02-20,1.5663
2019-02-21,1.3793
2019-02-22,2.6421
2019-02-23,4.8858
2019-02-24,4.9073
2019-02-25,4.0607
2019-02-26,4.1057
2019-02-27,6.4262
2019-02-28,5.2882
2019-03-01,5.0655
2019-03-02,6.0723
2019-03-03,7.5296
2019-03-04,7.982
2019-03-05,7.1711
2019-03-06,6.9527
2019-03-07,5.7463
2019-03-08,5.0593
2019-03-09,5.9855
2019-03-10,8.186
2019-03-11,5.3001
2019-03-12,3.9048
2019-03-13,2.9699
2019-03-14,3.788
2019-03-15,3.9761
2019-03-16,3.8204
2019-03-17,5.2767
2019-03-18,6.2513
2019-03-19,8.9275
2019-03-20,9.4012
2019-03-21,7.1875
2019-03-22,3.3475
2019-03-23,2.9496
2019-03-24,4.1305
2019-03-25,7.0339
2019-03-26,9.7637
2019-03-27,10.5071
2019-03-28,8.3296
2019-03-29,8.4348
2019-03-30,4.8973
2019-03-31,4.0933
2019-04-01,4.79
2019-04-02,5.8721
2019-04-03,6.834
2019-04-04,8.9206
2019-04-05,10.6571
2019-04-06,8.5801
2019-04-07,11.2461
2019-04-08,10.4945
2019-04-09,8.202
2019-04-10,6.4138
2019-04-11,8.1439
2019-04-12,10.2412
2019-04-13,10.802
2019-04-14,8.6455
2019-04-15,10.6293
2019-04-16,13.4313
2019-04-17,14.2285
2019-04-18,12.2529
2019-04-19,12.1496
2019-04-20,12.8898
2019-04-21,14.2092
2019-04-22,16.8725
2019-04-23,18.394
2019-04-24,17.65
2019-04-25,11.8129
2019-04-26,8.0011
2019-04-27,10.8145
2019-04-28,11.8946
2019-04-29,11.7581
2019-04-30,14.2202
2019-05-01,15.3345
2019-05-02,16.2342
2019-05-03,16.1771
2019-05-04,17.422
2019-05-05,17.8711
2019-05-06,13.4123
2019-05-07,14.0648
2019-05-08,15.3079
2019-05-09,16.1299
2019-05-10,16.5689
2019-05-11,18.1873
2019-05-12,18.5463
2019-05-13,16.9077
2019-05-14,17.9892
2019-05-15,18.5086
2019-05-16,21.0265
2019-05-17,21.5257
2019-05-18,21.0232
2019-05-19,18.8225
2019-05-20,16.1479
2019-05-21,16.7711
2019-05-22,18.6583
2019-05-23,20.0362
2019-05-24,22.4511
2019-05-25,22.0455
2019-05-26,22.9899
2019-05-27,17.5754
2019-05-28,17.7155
2019-05-29,18.9992
2019-05-30,19.1698
2019-05-31,18.5479
2019-06-01,17.9819
2019-06-02,19.79
2019-06-03,21.4024
2019-06-04,21.7127
2019-06-05,21.1555
2019-06-06,19.76
2019-06-07,18.896
2019-06-08,20.1875
2019-06-09,19.7885
2019-06-10,17.686
2019-06-11,18.7718
2019-06-12,19.9473
2019-06-13,21.4405
2019-06-14,21.161
2019-06-15,20.2549
2019-06-16,20.1189
2019-06-17,20.6102
2019-06-18,19.8515
2019-06-19,20.8902
2019-06-20,22.0785
2019-06-21,20.9329
2019-06-22,21.9845
2019-06-23,22.7077
2019-06-24,23.247
2019-06-25,23.666
2019-06-26,23.1655
2019-06-27,24.0755
2019-06-28,23.4946
2019-06-29,22.1704
2019-06-30,23.0823
2019-07-01,23.0763
2019-07-02,23.2907
2019-07-03,23.0033
2019-07-04,24.024
2019-07-05,25.3031
2019-07-06,26.8345
2019-07-07,24.6671
2019-07-08,23.1329
2019-07-09,23.1996
2019-07-10,21.1521
2019-07-11,21.01
2019-07-12,22.5206
2019-07-13,23.6687
2019-07-14,23.7318
2019-07-15,22.6717
2019-07-16,23.5124
2019-07-17,24.3031
2019-07-18,25.7668
2019-07-19,26.9475
2019-07-20,26.8023
2019-07-21,24.6575
2019-07-22,26.1832
2019-07-23,26.9254
2019-07-24,25.8182
2019-07-25,25.7711
2019-07-26,24.6577
2019-07-27,27.2227
2019-07-28,25.6423
2019-07-29,26.9614
2019-07-30,27.3367
2019-07-31,25.8564
2019-08-01,26.3511
2019-08-02,27.6535
2019-08-03,27.798
2019-08-04,27.8143
2019-08-05,29.0208
2019-08-06,29.3586
2019-08-07,26.0727
2019-08-08,27.2765
2019-08-09,28.0573
2019-08-10,29.3324
2019-08-11,28.7027
2019-08-12,26.096
2019-08-13,27.5693
2019-08-14,28.418
2019-08-15,24.8582
2019-08-16,25.338
2019-08-17,25.0015
2019-08-18,24.1949
2019-08-19,24.6318
2019-08-20,25.9612
2019-08-21,25.3811
2019-08-22,25.576
2019-08-23,24.7036
2019-08-24,22.6321
2019-08-25,23.451
2019-08-26,24.5148
2019-08-27,24.0146
2019-08-28,24.6386
2019-08-29,22.8808
2019-08-30,22.1117
2019-08-31,22.4037
2019-09-01,22.3094
2019-09-02,22.9187
2019-09-03,22.5964
2019-09-04,22.1427
2019-09-05,22.7505
2019-09-06,24.1794
2019-09-07,25.2461
2019-09-08,24.1412
2019-09-09,24.1555
2019-09-10,23.0087
2019-09-11,22.8731
2019-09-12,20.1208
2019-09-13,21.5998
2019-09-14,21.4999
2019-09-15,22.5446
2019-09-16,22.3345
2019-09-17,21.3287
2019-09-18,20.0395
2019-09-19,18.2268
2019-09-20,18.566
2019-09-21,18.2727
2019-09-22,17.8681
2019-09-23,18.4005
2019-09-24,18.0671
2019-09-25,18.947
2019-09-26,20.7514
2019-09-27,21.0524
2019-09-28,21.798
2019-09-29,20.7817
2019-09-30,20.283
2019-10-01,21.1523
2019-10-02,20.9768
2019-10-03,21.5856
2019-10-04,20.7063
2019-10-05,17.3602
2019-10-06,16.4586
2019-10-07,14.4589
2019-10-08,14.4044
2019-10-09,12.698
2019-10-10,14.2026
2019-10-11,17.6519
2019-10-12,17.2431
2019-10-13,15.6731
2019-10-14,13.4242
2019-10-15,12.9411
2019-10-16,13.1929
2019-10-17,14.0474
2019-10-18,15.5549
2019-10-19,15.6015
2019-10-20,14.7427
2019-10-21,15.3955
2019-10-22,16.1288
2019-10-23,15.6754
2019-10-24,17.2498
2019-10-25,15.7885
2019-10-26,10.0214
2019-10-27,10.033
2019-10-28,12.2392
2019-10-29,12.1
2019-10-30,10.4476
2019-10-31,14.0308
2019-11-01,13.8289
2019-11-02,12.5249
2019-11-03,13.2906
2019-11-04,12.0438
2019-11-05,11.1362
2019-11-06,10.0352
2019-11-07,8.6107
2019-11-08,6.4411
2019-11-09,8.2895
2019-11-10,9.0225
2019-11-11,10.9255
2019-11-12,8.4314
2019-11-13,7.1881
2019-11-14,1.5099
2019-11-15,5.5831
2019-11-16,6.7621
2019-11-17,7.9621
2019-11-18,4.9787
2019-11-19,0.724
2019-11-20,0.5243
2019-11-21,3.6938
2019-11-22,8.2914
2019-11-23,10.0602
2019-11-24,9.6801
2019-11-25,2.5169
2019-11-26,5.7169
2019-11-27,3.4351
2019-11-28,3.0098
2019-11-29,1.5067
2019-11-30,3.9545
2019-12-01,4.6026
2019-12-02,0.5798
2019-12-03,0.3263
2019-12-04,1.6858
2019-12-05,-3.6614
2019-12-06,-5.393
2019-12-07,-1.8386
2019-12-08,-0.9186
2019-12-09,3.1279
2019-12-10,6.6563
2019-12-11,5.8724
2019-12-12,-0.4008
2019-12-13,1.8532
2019-12-14,2.2535
2019-12-15,3.4849
2019-12-16,6.3156
2019-12-17,7.3226
2019-12-18,1.3057
2019-12-19,-0.2581
2019-12-20,-1.219
2019-12-21,-0.7912
2019-12-22,3.1869
2019-12-23,2.731
2019-12-24,-0.0469
2019-12-25,1.3249
2019-12-26,1.6838
2019-12-27,-1.5948
2019-12-28,0.8655
2019-12-29,3.1302
2019-12-30,2.3361
2019-12-31,-6.8336
2020-01-01,-2.2482
2020-01-02,0.5538
2020-01-03,-0.0471
2020-01-04,0.6802
2020-01-05,0.2477
2020-01-06,2.151
2020-01-07,5.572
2020-01-08,3.031
2020-01-09,-0.5779
2020-01-10,-0.4707
2020-01-11,-0.32
2020-01-12,-0.7932
2020-01-13,-2.5214
2020-01-14,-2.71
2020-01-15,-2.8833
2020-01-16,-2.3096
2020-01-17,-1.0448
2020-01-18,0.1055
2020-01-19,1.2219
2020-01-20,0.6443
2020-01-21,-0.9714
2020-01-22,2.2043
2020-01-23,3.9942
2020-01-24,1.9442
2020-01-25,2.9685
2020-01-26,4.516
2020-01-27,5.6373
2020-01-28,6.3796
2020-01-29,4.8114
2020-01-30,3.9633
2020-01-31,2.8517
2020-02-01,1.9071
2020-02-02,1.0567
2020-02-03,-0.3775
2020-02-04,-1.7099
2020-02-05,-7.4913
2020-02-06,-6.5952
2020-02-07,-1.7642
2020-02-08,-0.0454
2020-02-09,-0.6755
2020-02-10,3.0598
2020-02-11,5.2824
2020-02-12,6.3881
2020-02-13,6.4749
2020-02-14,6.8898
2020-02-15,8.0138
2020-02-16,-0.852
2020-02-17,-5.3107
2020-02-18,-3.5775
2020-02-19,0.6323
2020-02-20,3.736
2020-02-21,5.7976
2020-02-22,4.0471
2020-02-23,2.5162
2020-02-24,6.2992
2020-02-25,6.0002
2020-02-26,5.1996
2020-02-27,4.7595
2020-02-28,3.4769
2020-02-29,6.2185
2020-03-01,5.1083
2020-03-02,3.2544
2020-03-03,4.4636
2020-03-04,2.3337
2020-03-05,1.1496
2020-03-06,2.7798
2020-03-07,5.3937
2020-03-08,7.4138
2020-03-09,9.1861
2020-03-10,6.5663
2020-03-11,3.8385
2020-03-12,6.5823
2020-03-13,4.9095
2020-03-14,3.7187
2020-03-15,3.8006
2020-03-16,3.2
2020-03-17,5.855
2020-03-18,8.7983
2020-03-19,8.4438
2020-03-20,8.4752
2020-03-21,11.6455
2020-03-22,10.3448
2020-03-23,9.2127
2020-03-24,9.7004
2020-03-25,10.9608
2020-03-26,13.5501
2020-03-27,10.8339
2020-03-28,6.8815
2020-03-29,7.2079
2020-03-30,8.61
2020-03-31,10.4114
2020-04-01,10.0981
2020-04-02,8.443
2020-04-03,9.6662
2020-04-04,8.3231
2020-04-05,6.6705
2020-04-06,8.6515
2020-04-07,10.0562
2020-04-08,8.6011
2020-04-09,8.1275
2020-04-10,9.2561
2020-04-11,9.0162
2020-04-12,8.6736
2020-04-13,10.4682
2020-04-14,11.9107
2020-04-15,12.0085
2020-04-16,13.8194
2020-04-17,11.2502
2020-04-18,12.1918
2020-04-19,11.0757
2020-04-20,9.8125
2020-04-21,7.2675
2020-04-22,6.1998
2020-04-23,7.8357
2020-04-24,9.7475
2020-04-25,12.7474
2020-04-26,11.3814
2020-04-27,11.2801
2020-04-28,13.0674
2020-04-29,14.1889
2020-04-30,15.8914
2020-05-01,19.3227
2020-05-02,19.3038
2020-05-03,20.2415
2020-05-04,18.0636
2020-05-05,14.6654
2020-05-06,17.3885
2020-05-07,18.4518
2020-05-08,17.9002
2020-05-09,14.0233
2020-05-10,14.5446
2020-05-11,16.1675
2020-05-12,14.0979
2020-05-13,15.658
2020-05-14,18.1489
2020-05-15,15.3273
2020-05-16,16.2577
2020-05-17,18.172
2020-05-18,17.7118
2020-05-19,12.5263
2020-05-20,12.9295
2020-05-21,15.4136
2020-05-22,16.8373
2020-05-23,18.4381
2020-05-24,16.7431
2020-05-25,16.0579
2020-05-26,15.8413
2020-05-27,16.8743
2020-05-28,17.2901
2020-05-29,18.7981
2020-05-30,20.6633
2020-05-31,19.8839
2020-06-01,19.5321
2020-06-02,17.3915
2020-06-03,20.9615
2020-06-04,21.3626
2020-06-05,21.4173
2020-06-06,22.3995
2020-06-07,21.2643
2020-06-08,23.5564
2020-06-09,25.234
2020-06-10,24.4518
2020-06-11,24.6627
2020-06-12,22.588
2020-06-13,24.8754
2020-06-14,23.4502
2020-06-15,22.4939
2020-06-16,22.6877
2020-06-17,22.7126
2020-06-18,21.7571
2020-06-19,22.7508
2020-06-20,22.9606
2020-06-21,24.0596
2020-06-22,26.0483
2020-06-23,24.9002
2020-06-24,21.0296
2020-06-25,20.6599
2020-06-26,21.4425
2020-06-27,22.8673
2020-06-28,23.1167
2020-06-29,22.0737
2020-06-30,19.5587
2020-07-01,20.0787
2020-07-02,22.7388
2020-07-03,23.3031
2020-07-04,22.4518
2020-07-05,22.4904
2020-07-06,23.8446
2020-07-07,23.1994
2020-07-08,23.6433
2020-07-09,25.0046
2020-07-10,23.2854
2020-07-11,23.954
2020-07-12,21.8095
2020-07-13,18.569
2020-07-14,19.5344
2020-07-15,21.4999
2020-07-16,23.0048
2020-07-17,24.106
2020-07-18,24.0031
2020-07-19,23.04
2020-07-20,23.6823
2020-07-21,24.1385
2020-07-22,22.7599
2020-07-23,20.6943
2020-07-24,21.6945
2020-07-25,23.3642
2020-07-26,23.7502
2020-07-27,22.8614
2020-07-28,23.4049
2020-07-29,23.0736
2020-07-30,24.0805
2020-07-31,25.1162
2020-08-01,24.512
2020-08-02,24.1662
2020-08-03,24.3752
2020-08-04,25.7457
2020-08-05,25.2602
2020-08-06,23.768
2020-08-07,23.4854
2020-08-08,23.2924
2020-08-09,24.1204
2020-08-10,25.4349
2020-08-11,24.135
2020-08-12,26.3313
2020-08-13,27.1402
2020-08-14,26.8999
2020-08-15,25.6387
2020-08-16,26.7077
2020-08-17,27.0125
2020-08-18,26.4868
2020-08-19,26.2946
2020-08-20,26.2583
2020-08-21,24.7543
2020-08-22,23.6773
2020-08-23,24.2049
2020-08-24,26.1025
2020-08-25,28.2468
2020-08-26,28.5079
2020-08-27,26.6013
2020-08-28,26.5756
2020-08-29,26.1873
2020-08-30,25.7758
2020-08-31,25.3252
2020-09-01,25.227
2020-09-02,23.4971
2020-09-03,22.5435
2020-09-04,22.3399
2020-09-05,21.6024
2020-09-06,20.4762
2020-09-07,19.3886
2020-09-08,22.7099
2020-09-09,20.2933
2020-09-10,21.4651
2020-09-11,21.1582
2020-09-12,19.3679
2020-09-13,20.1094
2020-09-14,20.4007
2020-09-15,21.5176
2020-09-16,21.2183
2020-09-17,20.4187
2020-09-18,20.2332
2020-09-19,19.5727
2020-09-20,18.1286
2020-09-21,17.2208
2020-09-22,18.224
2020-09-23,17.9921
2020-09-24,19.285
2020-09-25,18.9989
2020-09-26,18.2575
2020-09-27,18.4981
2020-09-28,18.4963
2020-09-29,17.9942
2020-09-30,18.2213
2020-10-01,17.9375
2020-10-02,18.6955
2020-10-03,18.6765
2020-10-04,16.2221
2020-10-05,12.7558
2020-10-06,12.9118
2020-10-07,14.6423
2020-10-08,15.7195
2020-10-09,16.1052
2020-10-10,15.4518
2020-10-11,15.4085
2020-10-12,15.2289
2020-10-13,12.8533
2020-10-14,11.9707
2020-10-15,10.6257
2020-10-16,10.7963
2020-10-17,11.7162
2020-10-18,12.4294
2020-10-19,13.4827
2020-10-20,13.2863
2020-10-21,12.8776
2020-10-22,12.8348
2020-10-23,8.3975
2020-10-24,8.4539
2020-10-25,11.025
2020-10-26,11.6063
2020-10-27,12.7021
2020-10-28,12.9006
2020-10-29,9.6167
2020-10-30,10.3908
2020-10-31,12.158
2020-11-01,12.8861
2020-11-02,10.289
2020-11-03,5.1742
2020-11-04,4.7608
2020-11-05,9.0545
2020-11-06,12.755
2020-11-07,14.0381
2020-11-08,8.4288
2020-11-09,5.3748
2020-11-10,6.6039
2020-11-11,7.8212
2020-11-12,9.3408
2020-11-13,10.6418
2020-11-14,10.3063
2020-11-15,10.0476
2020-11-16,10.9731
2020-11-17,14.1643
2020-11-18,16.2619
2020-11-19,13.7364
2020-11-20,3.4544
2020-11-21,5.8011
2020-11-22,5.7758
2020-11-23,1.9069
2020-11-24,2.6981
2020-11-25,3.8225
2020-11-26,4.5329
2020-11-27,3.7646
2020-11-28,0.0879
2020-11-29,-0.3204
2020-11-30,-0.412
2020-12-01,0.4593
2020-12-02,2.1018
2020-12-03,0.6679
2020-12-04,-0.7957
2020-12-05,1.4079
2020-12-06,3.6871
2020-12-07,2.896
2020-12-08,-1.01
2020-12-09,0.8139
2020-12-10,4.6329
2020-12-11,4.1744
2020-12-12,2.0948
2020-12-13,-1.429
2020-12-14,-7.3538
2020-12-15,-7.994
2020-12-16,-8.1155
2020-12-17,-5.3738
2020-12-18,-1.9982
2020-12-19,-5.0704
2020-12-20,-4.2239
2020-12-21,-2.1276
2020-12-22,0.8735
2020-12-23,3.4808
2020-12-24,2.4213
2020-12-25,-1.13
2020-12-26,1.4873
2020-12-27,4.7569
2020-12-28,4.8706
2020-12-29,-0.3007
2020-12-30,-10.0061
2020-12-31,-8.5579
2021-01-01,-4.6715
2021-01-02,-4.8335
2021-01-03,-5.6924
2021-01-04,-3.8823
2021-01-05,-5.3289
2021-01-06,-7.7194
2021-01-07,-13.8585
2021-01-08,-14.3294
2021-01-09,-12.1969
2021-01-10,-8.5829
2021-01-11,-7.5885
2021-01-12,-4.4145
2021-01-13,1.903
2021-01-14,0.741
2021-01-15,3.4521
2021-01-16,-4.2432
2021-01-17,-5.6915
2021-01-18,-3.9352
2021-01-19,-7.4814
2021-01-20,-1.6863
2021-01-21,3.5438
2021-01-22,4.7944
2021-01-23,5.9683
2021-01-24,5.516
2021-01-25,5.4124
2021-01-26,4.0338
2021-01-27,1.5983
2021-01-28,-2.8558
2021-01-29,-8.303
2021-01-30,-2.0432
2021-01-31,2.16
2021-02-01,4.6127
2021-02-02,-5.1071
2021-02-03,-3.2783
2021-02-04,-3.2804
2021-02-05,1.2226
2021-02-06,5.8537
2021-02-07,3.1933
2021-02-08,-2.702
2021-02-09,-1.003
2021-02-10,2.609
2021-02-11,3.9511
2021-02-12,4.7556
2021-02-13,5.1796
2021-02-14,7.444
2021-02-15,0.9624
2021-02-16,-4.881
2021-02-17,-8.1089
2021-02-18,-5.6344
2021-02-19,1.4508
2021-02-20,7.9646
2021-02-21,9.5729
2021-02-22,6.7844
2021-02-23,0.0788
2021-02-24,1.3812
2021-02-25,2.6244
2021-02-26,6.3169
2021-02-27,7.2355
2021-02-28,6.449
2021-03-01,3.6149
2021-03-02,1.2111
2021-03-03,2.7893
2021-03-04,5.7021
2021-03-05,7.3712
2021-03-06,4.5971
2021-03-07,4.8482
2021-03-08,5.0685
2021-03-09,5.8079
2021-03-10,6.9888
2021-03-11,8.6445
2021-03-12,8.9006
2021-03-13,8.0032
2021-03-14,7.5732
2021-03-15,9.2755
2021-03-16,8.394
2021-03-17,7.4558
2021-03-18,9.5658
2021-03-19,12.6019
2021-03-20,8.6033
2021-03-21,5.8508
2021-03-22,5.9275
2021-03-23,8.5508
2021-03-24,9.8455
2021-03-25,10.639
2021-03-26,11.0094
2021-03-27,10.7336
2021-03-28,9.375
2021-03-29,10.0686
2021-03-30,9.8774
2021-03-31,12.4742
2021-04-01,15.4681
2021-04-02,15.982
2021-04-03,12.8099
2021-04-04,10.2415
2021-04-05,10.271
2021-04-06,12.515
2021-04-07,12.6439
2021-04-08,11.4471
2021-04-09,11.3169
2021-04-10,10.917
2021-04-11,13.2701
2021-04-12,12.707
2021-04-13,10.3801
2021-04-14,8.313
2021-04-15,10.3686
2021-04-16,10.8402
2021-04-17,8.6698
2021-04-18,9.6667
2021-04-19,12.3399
2021-04-20,13.9164
2021-04-21,17.117
2021-04-22,18.9886
2021-04-23,17.2493
2021-04-24,16.1983
2021-04-25,15.7001
2021-04-26,14.4196
2021-04-27,14.3935
2021-04-28,14.0607
2021-04-29,13.2149
2021-04-30,10.5177
2021-05-01,9.778
2021-05-02,11.8735
2021-05-03,13.2752
2021-05-04,13.4279
2021-05-05,13.6845
2021-05-06,14.9887
2021-05-07,13.9964
2021-05-08,14.0699
2021-05-09,15.1939
2021-05-10,12.2348
2021-05-11,17.0938
2021-05-12,19.0335
2021-05-13,20.2169
2021-05-14,21.3515
2021-05-15,20.1864
2021-05-16,16.7351
2021-05-17,14.2444
2021-05-18,16.7205
2021-05-19,18.5937
2021-05-20,17.3024
2021-05-21,15.344
2021-05-22,18.0619
2021-05-23,18.7576
2021-05-24,18.4333
2021-05-25,14.3082
2021-05-26,16.8862
2021-05-27,15.2861
2021-05-28,14.6798
2021-05-29,15.0124
2021-05-30,17.3827
2021-05-31,18.4689
2021-06-01,18.9038
2021-06-02,21.4615
2021-06-03,18.0071
2021-06-04,18.0806
2021-06-05,19.6363
2021-06-06,21.2505
2021-06-07,20.2673
2021-06-08,21.4298
2021-06-09,23.6143
2021-06-10,22.824
2021-06-11,20.7515
2021-06-12,22.4687
2021-06-13,22.3682
2021-06-14,22.2269
2021-06-15,21.3104
2021-06-16,22.7188
2021-06-17,20.4294
2021-06-18,19.9321
2021-06-19,21.0254
2021-06-20,21.7106
2021-06-21,21.9199
2021-06-22,21.0365
2021-06-23,20.8881
2021-06-24,21.8279
2021-06-25,22.5333
2021-06-26,21.3938
2021-06-27,23.1615
2021-06-28,22.8539
2021-06-29,22.9539
2021-06-30,23.0499
2021-07-01,24.5829
2021-07-02,25.1236
2021-07-03,21.7461
2021-07-04,21.1051
2021-07-05,22.4571
2021-07-06,24.0206
2021-07-07,24.8717
2021-07-08,24.849
2021-07-09,24.3298
2021-07-10,24.4062
2021-07-11,24.5496
2021-07-12,26.4007
2021-07-13,27.1445
2021-07-14,27.7969
2021-07-15,27.1671
2021-07-16,26.9217
2021-07-17,26.6958
2021-07-18,27.3923
2021-07-19,25.978
2021-07-20,27.0817
2021-07-21,28.5789
2021-07-22,28.6467
2021-07-23,28.8023
2021-07-24,29.1849
2021-07-25,29.084
2021-07-26,28.8845
2021-07-27,29.0643
2021-07-28,28.5482
2021-07-29,28.021
2021-07-30,28.4856
2021-07-31,28.314
2021-08-01,26.3948
2021-08-02,25.7211
2021-08-03,26.9146
2021-08-04,27.7605
2021-08-05,28.0036
2021-08-06,26.6031
2021-08-07,26.4325
2021-08-08,25.3848
2021-08-09,26.5944
2021-08-10,25.4054
2021-08-11,25.6262
2021-08-12,25.5256
2021-08-13,25.2008
2021-08-14,24.5761
2021-08-15,24.9031
2021-08-16,25.1063
2021-08-17,24.1043
2021-08-18,23.1623
2021-08-19,24.1632
2021-08-20,24.7144
2021-08-21,23.1163
2021-08-22,24.0393
2021-08-23,21.8656
2021-08-24,22.9493
2021-08-25,23.7994
2021-08-26,24.5276
2021-08-27,21.9231
2021-08-28,23.0833
2021-08-29,22.673
2021-08-30,23.073
2021-08-31,19.9892
2021-09-01,20.7075
2021-09-02,22.2874
2021-09-03,22.8908
2021-09-04,21.6923
2021-09-05,21.7607
2021-09-06,21.2463
2021-09-07,19.3775
2021-09-08,21.628
2021-09-09,21.947
2021-09-10,22.3136
2021-09-11,22.7518
2021-09-12,22.5525
2021-09-13,23.0912
2021-09-14,22.926
2021-09-15,22.0904
2021-09-16,21.532
2021-09-17,21.8274
2021-09-18,22.1644
2021-09-19,21.9096
2021-09-20,22.3789
2021-09-21,21.3963
2021-09-22,20.1451
2021-09-23,20.0075
2021-09-24,20.3398
2021-09-25,19.956
2021-09-26,21.0062
2021-09-27,20.1129
2021-09-28,20.2742
2021-09-29,19.6801
2021-09-30,19.6425
2021-10-01,20.015
2021-10-02,19.6704
2021-10-03,21.2932
2021-10-04,22.2456
2021-10-05,22.149
2021-10-06,18.2461
2021-10-07,18.5106
2021-10-08,18.3573
2021-10-09,20.3073
2021-10-10,19.8376
2021-10-11,15.0865
2021-10-12,17.0755
2021-10-13,18.1798
2021-10-14,18.769
2021-10-15,17.8932
2021-10-16,10.6962
2021-10-17,5.4467
2021-10-18,8.8796
2021-10-19,10.3313
2021-10-20,8.3629
2021-10-21,8.8007
2021-10-22,9.9712
2021-10-23,10.3205
2021-10-24,10.2198
2021-10-25,10.6132
2021-10-26,11.9483
2021-10-27,12.8308
2021-10-28,11.508
2021-10-29,12.6548
2021-10-30,12.6571
2021-10-31,12.9186
2021-11-01,11.8923
2021-11-02,10.5256
2021-11-03,11.3202
2021-11-04,11.2179
2021-11-05,11.6599
2021-11-06,12.5806
2021-11-07,13.9462
2021-11-08,8.5987
2021-11-09,5.1631
2021-11-10,4.517
2021-11-11,5.4746
2021-11-12,4.5327
2021-11-13,6.9074
2021-11-14,10.5071
2021-11-15,8.802
2021-11-16,7.5748
2021-11-17,6.7042
2021-11-18,11.2864
2021-11-19,12.4073
2021-11-20,9.3776
2021-11-21,9.7463
2021-11-22,3.1056
2021-11-23,-0.0136
2021-11-24,4.1217
2021-11-25,5.4714
2021-11-26,2.8436
2021-11-27,2.1649
2021-11-28,4.0949
2021-11-29,6.7454
2021-11-30,5.3093
2021-12-01,-0.8893
2021-12-02,1.3815
2021-12-03,2.2835
2021-12-04,1.2032
2021-12-05,2.0835
2021-12-06,4.4729
2021-12-07,5.3755
2021-12-08,4.972
2021-12-09,5.1694
2021-12-10,6.3006
2021-12-11,5.5071
2021-12-12,1.387
2021-12-13,-1.984
2021-12-14,3.2756
2021-12-15,6.379
2021-12-16,5.2288
2021-12-17,-4.741
2021-12-18,-5.0483
2021-12-19,-0.4926
2021-12-20,4.8549
2021-12-21,4.8085
2021-12-22,1.3402
2021-12-23,1.589
2021-12-24,-0.5269
2021-12-25,-10.353
2021-12-26,-11.2713
2021-12-27,-7.2538
2021-12-28,-3.377
2021-12-29,0.5021
2021-12-30,-3.3831
2021-12-31,-6.3633
2022-01-01,-4.7433
2022-01-02,-1.6277
2022-01-03,-2.4175
2022-01-04,-2.5439
2022-01-05,-3.3863
2022-01-06,-2.2456
2022-01-07,-2.5294
2022-01-08,-0.1836
2022-01-09,0.5349
2022-01-10,-0.3162
2022-01-11,-6.434
2022-01-12,-7.2571
2022-01-13,-6.2371
2022-01-14,-5.3904
2022-01-15,-1.13
2022-01-16,-1.8562
2022-01-17,-5.5302
2022-01-18,-5.7467
2022-01-19,-5.3949
2022-01-20,-5.8706
2022-01-21,-4.1476
2022-01-22,-1.0796
2022-01-23,1.3874
2022-01-24,3.3649
2022-01-25,2.3492
2022-01-26,1.0021
2022-01-27,-1.2676
2022-01-28,-2.7048
2022-01-29,-3.4904
2022-01-30,-3.3748
2022-01-31,-1.4557
2022-02-01,-1.5239
2022-02-02,-3.2875
2022-02-03,-3.6314
2022-02-04,-5.15
2022-02-05,-6.3448
2022-02-06,-3.9307
2022-02-07,-2.7358
2022-02-08,-1.0058
2022-02-09,-0.2793
2022-02-10,0.778
2022-02-11,1.7221
2022-02-12,3.2743
2022-02-13,3.3152
2022-02-14,1.6489
2022-02-15,-4.4512
2022-02-16,-7.1583
2022-02-17,-6.5769
2022-02-18,-2.2755
2022-02-19,-1.4026
2022-02-20,-4.6123
2022-02-21,-3.0518
2022-02-22,-4.4288
2022-02-23,-5.604
2022-02-24,-2.5794
2022-02-25,2.496
2022-02-26,5.2098
2022-02-27,3.7537
2022-02-28,5.2783
2022-03-01,4.7412
2022-03-02,3.2446
2022-03-03,4.795
2022-03-04,6.4627
2022-03-05,2.5875
2022-03-06,1.3315
2022-03-07,2.1629
2022-03-08,4.75
2022-03-09,5.3371
2022-03-10,7.7201
2022-03-11,9.5593
2022-03-12,10.9692
2022-03-13,10.3335
2022-03-14,7.5652
2022-03-15,6.5148
2022-03-16,8.9583
2022-03-17,8.8825
2022-03-18,6.5149
2022-03-19,2.7544
2022-03-20,4.2651
2022-03-21,4.3539
2022-03-22,5.9277
2022-03-23,5.4085
2022-03-24,7.5102
2022-03-25,10.9915
2022-03-26,10.8958
2022-03-27,7.6338
2022-03-28,6.6901
2022-03-29,8.5704
2022-03-30,9.5746
2022-03-31,9.1415
2022-04-01,7.5779
2022-04-02,7.1405
2022-04-03,8.5799
2022-04-04,9.4242
2022-04-05,9.8969
2022-04-06,10.8538
2022-04-07,10.4769
2022-04-08,11.7057
2022-04-09,16.7788
2022-04-10,17.1637
2022-04-11,18.1548
2022-04-12,17.3115
2022-04-13,11.3324
2022-04-14,11.2735
2022-04-15,11.1465
2022-04-16,11.5563
2022-04-17,12.7581
2022-04-18,13.9615
2022-04-19,13.5031
2022-04-20,14.1864
2022-04-21,14.844
2022-04-22,14.5451
2022-04-23,15.596
2022-04-24,16.8314
2022-04-25,18.7045
2022-04-26,19.8093
2022-04-27,15.6999
2022-04-28,15.3627
2022-04-29,11.4417
2022-04-30,11.776
2022-05-01,12.2955
2022-05-02,12.2648
2022-05-03,13.5288
2022-05-04,16.664
2022-05-05,17.301
2022-05-06,18.0873
2022-05-07,16.5144
2022-05-08,13.7656
2022-05-09,15.7469
2022-05-10,17.1996
2022-05-11,17.7294
2022-05-12,18.4394
2022-05-13,16.5133
2022-05-14,14.386
2022-05-15,14.775
2022-05-16,16.0385
2022-05-17,18.0893
2022-05-18,18.9162
2022-05-19,18.7768
2022-05-20,19.1042
2022-05-21,18.9332
2022-05-22,18.7258
2022-05-23,20.6554
2022-05-24,21.4231
2022-05-25,19.572
2022-05-26,17.9329
2022-05-27,18.6567
2022-05-28,20.7192
2022-05-29,21.0139
2022-05-30,19.1177
2022-05-31,19.2067
2022-06-01,20.5565
2022-06-02,20.1043
2022-06-03,21.8264
2022-06-04,22.5061
2022-06-05,20.5954
2022-06-06,17.8805
2022-06-07,18.0454
2022-06-08,19.1096
2022-06-09,19.075
2022-06-10,19.6382
2022-06-11,22.0701
2022-06-12,22.1504
2022-06-13,21.4986
2022-06-14,19.8814
2022-06-15,16.4894
2022-06-16,19.4205
2022-06-17,21.4376
2022-06-18,22.6375
2022-06-19,22.8045
2022-06-20,23.9967
2022-06-21,24.7156
2022-06-22,24.4121
2022-06-23,23.0493
2022-06-24,23.0663
2022-06-25,25.1298
2022-06-26,25.5071
2022-06-27,25.765
2022-06-28,26.4249
2022-06-29,24.7348
2022-06-30,22.2927
2022-07-01,25.8165
2022-07-02,26.6452
2022-07-03,27.2593
2022-07-04,27.3563
2022-07-05,27.2601
2022-07-06,27.6073
2022-07-07,27.2593
2022-07-08,25.3133
2022-07-09,25.9754
2022-07-10,27.0158
2022-07-11,25.3312
2022-07-12,25.2048
2022-07-13,23.8238
2022-07-14,24.3801
2022-07-15,24.5719
2022-07-16,23.9118
2022-07-17,24.4974
2022-07-18,25.2562
2022-07-19,25.9089
2022-07-20,25.9286
2022-07-21,22.5232
2022-07-22,23.8796
2022-07-23,23.5742
2022-07-24,24.1087
2022-07-25,26.017
2022-07-26,26.83
2022-07-27,26.9214
2022-07-28,27.3836
2022-07-29,28.5227
2022-07-30,28.7801
2022-07-31,26.0832
2022-08-01,27.3198
2022-08-02,26.2852
2022-08-03,26.8219
2022-08-04,27.8435
2022-08-05,28.2723
2022-08-06,27.9383
2022-08-07,28.225
2022-08-08,26.3708
2022-08-09,24.4781
2022-08-10,23.6787
2022-08-11,24.0635
2022-08-12,25.6927
2022-08-13,24.3307
2022-08-14,26.162
2022-08-15,27.3699
2022-08-16,25.6744
2022-08-17,24.3556
2022-08-18,24.4473
2022-08-19,25.0519
2022-08-20,26.4321
2022-08-21,26.1045
2022-08-22,25.4017
2022-08-23,24.1364
2022-08-24,23.4402
2022-08-25,21.4902
2022-08-26,23.0073
2022-08-27,20.8892
2022-08-28,20.921
2022-08-29,19.6837
2022-08-30,18.601
2022-08-31,20.7875
2022-09-01,22.3265
2022-09-02,22.9351
2022-09-03,22.8398
2022-09-04,21.7406
2022-09-05,19.1861
2022-09-06,20.5425
2022-09-07,21.2611
2022-09-08,21.2405
2022-09-09,21.9938
2022-09-10,21.5935
2022-09-11,21.8392
2022-09-12,22.366
2022-09-13,23.1245
2022-09-14,23.1401
2022-09-15,23.7051
2022-09-16,24.3449
2022-09-17,24.4958
2022-09-18,25.1537
2022-09-19,22.5521
2022-09-20,17.9237
2022-09-21,17.2989
2022-09-22,18.0242
2022-09-23,16.869
2022-09-24,17.1582
2022-09-25,17.7549
2022-09-26,18.1552
2022-09-27,18.6907
2022-09-28,18.3377
2022-09-29,18.6511
2022-09-30,18.6931
2022-10-01,18.9723
2022-10-02,18.2404
2022-10-03,20.4236
2022-10-04,17.0806
2022-10-05,15.0231
2022-10-06,14.8332
2022-10-07,13.4627
2022-10-08,14.1414
2022-10-09,12.6505
2022-10-10,9.5993
2022-10-11,10.7108
2022-10-12,12.2849
2022-10-13,14.6115
2022-10-14,15.4468
2022-10-15,16.4649
2022-10-16,15.7348
2022-10-17,11.2525
2022-10-18,8.4744
2022-10-19,9.2398
2022-10-20,11.5269
2022-10-21,12.8188
2022-10-22,14.2455
2022-10-23,12.7087
2022-10-24,9.533
2022-10-25,9.7827
2022-10-26,11.2164
2022-10-27,11.9976
2022-10-28,12.1763
2022-10-29,12.9283
2022-10-30,13.0035
2022-10-31,13.2879
2022-11-01,12.2179
2022-11-02,9.9337
2022-11-03,8.8058
2022-11-04,4.7726
2022-11-05,5.8838
2022-11-06,8.3852
2022-11-07,10.1351
2022-11-08,11.0218
2022-11-09,10.2225
2022-11-10,11.9115
2022-11-11,13.5273
2022-11-12,15.0414
2022-11-13,10.1727
2022-11-14,8.9551
2022-11-15,7.3448
2022-11-16,7.9167
2022-11-17,9.0155
2022-11-18,9.3185
2022-11-19,10.8095
2022-11-20,11.5754
2022-11-21,10.5843
2022-11-22,9.3063
2022-11-23,10.0571
2022-11-24,8.3179
2022-11-25,11.4701
2022-11-26,6.446
2022-11-27,4.5311
2022-11-28,10.2631
2022-11-29,6.792
2022-11-30,-4.8126
2022-12-01,-5.169
2022-12-02,-3.2154
2022-12-03,1.5727
2022-12-04,-2.8838
2022-12-05,-2.9104
2022-12-06,-0.1464
2022-12-07,3.752
2022-12-08,2.6419
2022-12-09,3.0306
2022-12-10,1.4708
2022-12-11,0.7206
2022-12-12,1.414
2022-12-13,-0.1079
2022-12-14,-8.0635
2022-12-15,-4.749
2022-12-16,-6.2744
2022-12-17,-7.2761
2022-12-18,-9.5279
2022-12-19,-7.7381
2022-12-20,-3.9588
2022-12-21,-0.2977
2022-12-22,-7.5815
2022-12-23,-11.3982
2022-12-24,-8.7045
2022-12-25,-5.9962
2022-12-26,-5.0904
2022-12-27,-3.8087
2022-12-28,-3.6894
2022-12-29,-3.9076
2022-12-30,-2.8286
2022-12-31,-1.9049
2023-01-01,-0.754
2023-01-02,-4.7276
2023-01-03,-5.3014
2023-01-04,-3.1227
2023-01-05,-2.7021
2023-01-06,-0.1329
2023-01-07,0.8795
2023-01-08,0.2785
2023-01-09,2.4557
2023-01-10,0.2119
2023-01-11,1.3813
2023-01-12,4.1955
2023-01-13,6.2185
2023-01-14,4.6823
2023-01-15,-0.8232
2023-01-16,-4.5589
2023-01-17,-4.2351
2023-01-18,-2.7868
2023-01-19,-0.9356
2023-01-20,-3.331
2023-01-21,-5.4876
2023-01-22,-1.351
2023-01-23,-1.3168
2023-01-24,-13.7858
2023-01-25,-11.6604
2023-01-26,-6.1989
2023-01-27,-7.3976
2023-01-28,-6.2913
2023-01-29,-2.4199
2023-01-30,-1.5708
2023-01-31,1.6157
2023-02-01,0.8158
2023-02-02,-2.9249
2023-02-03,-2.044
2023-02-04,-1.2154
2023-02-05,0.3044
2023-02-06,1.4888
2023-02-07,1.7568
2023-02-08,1.0383
2023-02-09,2.5674
2023-02-10,2.7549
2023-02-11,1.3398
2023-02-12,2.7101
2023-02-13,4.3379
2023-02-14,0.7319
2023-02-15,1.497
2023-02-16,1.0864
2023-02-17,2.371
2023-02-18,4.291
2023-02-19,3.2674
2023-02-20,-0.7876
2023-02-21,-2.0711
2023-02-22,0.3893
2023-02-23,2.7624
2023-02-24,2.686
2023-02-25,0.2127
2023-02-26,1.4098
2023-02-27,3.4729
2023-02-28,4.3573
2023-03-01,5.3369
2023-03-02,1.935
2023-03-03,4.0079
2023-03-04,5.8967
2023-03-05,6.1455
2023-03-06,7.6856
2023-03-07,10.155
2023-03-08,10.9575
2023-03-09,9.1424
2023-03-10,10.868
2023-03-11,12.7413
2023-03-12,5.2244
2023-03-13,2.748
2023-03-14,7.9731
2023-03-15,8.424
2023-03-16,4.4635
2023-03-17,6.0877
2023-03-18,7.1789
2023-03-19,6.8454
2023-03-20,7.7249
2023-03-21,10.9108
2023-03-22,14.5171
2023-03-23,14.5524
2023-03-24,10.1354
2023-03-25,10.2081
2023-03-26,8.4258
2023-03-27,6.251
2023-03-28,7.834
2023-03-29,9.8485
2023-03-30,12.031
2023-03-31,13.0258
2023-04-01,15.0357
2023-04-02,15.953
2023-04-03,16.2069
2023-04-04,15.6161
2023-04-05,11.5201
2023-04-06,8.9246
2023-04-07,8.5189
2023-04-08,8.1558
2023-04-09,9.977
2023-04-10,12.4605
2023-04-11,12.781
2023-04-12,9.7879
2023-04-13,11.3137
2023-04-14,14.4517
2023-04-15,11.4167
2023-04-16,9.9614
2023-04-17,11.6375
2023-04-18,12.7707
2023-04-19,17.1027
2023-04-20,15.6881
2023-04-21,15.3532
2023-04-22,14.9037
2023-04-23,14.2173
2023-04-24,14.0044
2023-04-25,9.6264
2023-04-26,9.4021
2023-04-27,11.559
2023-04-28,14.6633
2023-04-29,12.7807
2023-04-30,12.4083
2023-05-01,13.3214
2023-05-02,15.1332
2023-05-03,17.9373
2023-05-04,19.607
2023-05-05,16.9696
2023-05-06,11.8658
2023-05-07,12.603
2023-05-08,13.6676
2023-05-09,15.7773
2023-05-10,16.7945
2023-05-11,17.4215
2023-05-12,16.5904
2023-05-13,15.9855
2023-05-14,16.4415
2023-05-15,18.6936
2023-05-16,21.9843
2023-05-17,21.7931
2023-05-18,19.5754
2023-05-19,19.6633
2023-05-20,19.3421
2023-05-21,17.6589
2023-05-22,18.2915
2023-05-23,18.1513
2023-05-24,18.4708
2023-05-25,19.4792
2023-05-26,19.8887
2023-05-27,18.2479
2023-05-28,18.4473
2023-05-29,21.3945
2023-05-30,21.5169
2023-05-31,20.9112
2023-06-01,21.112
2023-06-02,19.7577
2023-06-03,21.1758
2023-06-04,20.9436
2023-06-05,20.588
2023-06-06,19.8414
2023-06-07,20.5676
2023-06-08,20.1851
2023-06-09,20.8961
2023-06-10,21.0352
2023-06-11,20.6677
2023-06-12,20.7471
2023-06-13,20.6256
2023-06-14,19.8546
2023-06-15,21.0845
2023-06-16,22.4773
2023-06-17,23.2957
2023-06-18,24.1331
2023-06-19,25.6974
2023-06-20,22.5435
2023-06-21,19.6754
2023-06-22,21.32
2023-06-23,22.8429
2023-06-24,24.3019
2023-06-25,25.9011
2023-06-26,22.792
2023-06-27,24.2745
2023-06-28,25.0335
2023-06-29,23.3695
2023-06-30,24.0876
2023-07-01,25.9474
2023-07-02,25.347
2023-07-03,26.7645
2023-07-04,24.7395
2023-07-05,24.0686
2023-07-06,26.1602
2023-07-07,24.8548
2023-07-08,24.0487
2023-07-09,23.861
2023-07-10,25.648
2023-07-11,23.0735
2023-07-12,24.9685
2023-07-13,24.302
2023-07-14,24.4256
2023-07-15,24.06
2023-07-16,24.032
2023-07-17,24.4802
2023-07-18,24.1061
2023-07-19,25.6276
2023-07-20,26.0668
2023-07-21,27.1018
2023-07-22,26.2773
2023-07-23,24.7652
2023-07-24,25.8851
2023-07-25,26.5518
2023-07-26,26.3421
2023-07-27,27.3875
2023-07-28,28.1504
2023-07-29,27.8596
2023-07-30,28.045
2023-07-31,27.6101
2023-08-01,28.3551
2023-08-02,28.2039
2023-08-03,28.239
2023-08-04,28.6132
2023-08-05,28.8323
2023-08-06,28.2039
2023-08-07,28.2776
2023-08-08,28.3482
2023-08-09,26.4664
2023-08-10,22.1796
2023-08-11,23.3819
2023-08-12,23.2833
2023-08-13,25.7124
2023-08-14,26.6876
2023-08-15,26.4595
2023-08-16,25.9383
2023-08-17,26.4627
2023-08-18,27.2652
2023-08-19,27.4611
2023-08-20,26.7989
2023-08-21,27.6985
2023-08-22,26.7627
2023-08-23,24.4219
2023-08-24,23.8474
2023-08-25,25.4308
2023-08-26,24.7845
2023-08-27,24.478
2023-08-28,22.3011
2023-08-29,23.6048
2023-08-30,22.0651
2023-08-31,22.737
2023-09-01,22.9023
2023-09-02,23.4117
2023-09-03,24.4779
2023-09-04,25.4913
2023-09-05,26.2398
2023-09-06,25.6138
2023-09-07,24.2037
2023-09-08,23.2292
2023-09-09,23.6943
2023-09-10,23.9748
2023-09-11,24.1726
2023-09-12,24.2769
2023-09-13,21.0657
2023-09-14,22.143
2023-09-15,21.4225
2023-09-16,22.9894
2023-09-17,23.6882
2023-09-18,23.8379
2023-09-19,23.2879
2023-09-20,20.1244
2023-09-21,18.8683
2023-09-22,19.0473
2023-09-23,20.2332
2023-09-24,20.1764
2023-09-25,20.3491
2023-09-26,19.5371
2023-09-27,20.8296
2023-09-28,21.7062
2023-09-29,19.8631
2023-09-30,18.9707
2023-10-01,17.396
2023-10-02,16.6217
2023-10-03,16.1177
2023-10-04,16.6705
2023-10-05,13.8521
2023-10-06,14.1821
2023-10-07,15.5637
2023-10-08,16.1288
2023-10-09,16.0849
2023-10-10,15.6198
2023-10-11,15.7999
2023-10-12,16.0723
2023-10-13,16.1125
2023-10-14,13.8395
2023-10-15,15.2833
2023-10-16,13.9299
2023-10-17,12.429
2023-10-18,14.7839
2023-10-19,15.8687
2023-10-20,11.4849
2023-10-21,9.4585
2023-10-22,11.5283
2023-10-23,13.9962
2023-10-24,14.2786
2023-10-25,15.254
2023-10-26,16.0446
2023-10-27,13.8142
2023-10-28,12.4282
2023-10-29,12.9086
2023-10-30,13.474
2023-10-31,14.9919
2023-11-01,17.8269
2023-11-02,19.7186
2023-11-03,18.1937
2023-11-04,16.2243
2023-11-05,16.7304
2023-11-06,13.5085
2023-11-07,5.7845
2023-11-08,7.6454
2023-11-09,10.9676
2023-11-10,4.3492
2023-11-11,1.8532
2023-11-12,1.1369
2023-11-13,1.7781
2023-11-14,4.219
2023-11-15,5.8801
2023-11-16,5.8355
2023-11-17,1.8479
2023-11-18,0.817
2023-11-19,6.1371
2023-11-20,5.3668
2023-11-21,6.5679
2023-11-22,8.9325
2023-11-23,9.6474
2023-11-24,-0.9993
2023-11-25,-1.7231
2023-11-26,3.3833
2023-11-27,5.9256
2023-11-28,1.3918
2023-11-29,-1.1374
2023-11-30,-3.9727
2023-12-01,-3.118
2023-12-02,1.4489
2023-12-03,0.5696
2023-12-04,2.2776
2023-12-05,5.2814
2023-12-06,5.6239
2023-12-07,6.2176
2023-12-08,10.5813
2023-12-09,12.2287
2023-12-10,9.51
2023-12-11,7.8789
2023-12-12,4.3231
2023-12-13,5.6071
2023-12-14,6.7776
2023-12-15,3.9246
2023-12-16,-3.943
2023-12-17,-9.4096
2023-12-18,-7.7671
2023-12-19,-3.8223
2023-12-20,-7.2488
2023-12-21,-11.1282
2023-12-22,-11.0683
2023-12-23,-7.4363
2023-12-24,-3.3265
2023-12-25,-1.5094
2023-12-26,0.9538
2023-12-27,-0.2512
2023-12-28,0.2092
2023-12-29,0.6173
2023-12-30,0.308
2023-12-31,1.8656
2024-01-01,2.2036
2024-01-02,2.5445
2024-01-03,1.3198
2024-01-04,1.0704
2024-01-05,4.3077
2024-01-06,0.3411
2024-01-07,-4.0536
2024-01-08,-4.818
2024-01-09,-0.8563
2024-01-10,-1.3929
2024-01-11,1.1748
2024-01-12,0.9176
2024-01-13,-0.7545
2024-01-14,-0.6818
2024-01-15,-3.4446
2024-01-16,-2.9081
2024-01-17,0.2427
2024-01-18,3.8506
2024-01-19,4.3839
2024-01-20,2.5405
2024-01-21,1.0417
2024-01-22,-8.1396
2024-01-23,-11.2749
2024-01-24,-8.0492
2024-01-25,-5.6092
2024-01-26,-2.5107
2024-01-27,-1.3685
2024-01-28,-1.9337
2024-01-29,-1.4514
2024-01-30,-0.2581
2024-01-31,3.2848
2024-02-01,0.7499
2024-02-02,1.429
2024-02-03,2.8711
2024-02-04,4.8729
2024-02-05,1.8429
2024-02-06,0.4321
2024-02-07,-0.1029
2024-02-08,-0.4365
2024-02-09,0.1829
2024-02-10,0.6551
2024-02-11,0.1643
2024-02-12,2.4495
2024-02-13,7.7332
2024-02-14,11.3205
2024-02-15,3.8354
2024-02-16,1.201
2024-02-17,3.3855
2024-02-18,5.787
2024-02-19,7.8926
2024-02-20,3.6129
2024-02-21,1.3913
2024-02-22,-0.2007
2024-02-23,0.8867
2024-02-24,1.203
2024-02-25,1.9811
2024-02-26,2.4345
2024-02-27,3.7494
2024-02-28,4.4979
2024-02-29,3.6698
2024-03-01,-3.7029
2024-03-02,-0.8313
2024-03-03,3.3156
2024-03-04,4.0318
2024-03-05,6.2573
2024-03-06,4.6388
2024-03-07,3.003
2024-03-08,1.8292
2024-03-09,1.1139
2024-03-10,3.4076
2024-03-11,5.279
2024-03-12,5.1733
2024-03-13,5.7265
2024-03-14,7.5845
2024-03-15,8.7176
2024-03-16,9.5329
2024-03-17,8.5531
2024-03-18,6.2593
2024-03-19,5.9187
2024-03-20,3.5996
2024-03-21,4.0305
2024-03-22,8.8869
2024-03-23,11.5738
2024-03-24,13.6867
2024-03-25,9.2351
2024-03-26,5.8652
2024-03-27,8.7556
2024-03-28,9.3599
2024-03-29,7.571
2024-03-30,8.0139
2024-03-31,9.3571
2024-04-01,10.7751
2024-04-02,13.2732
2024-04-03,13.53
2024-04-04,13.2935
2024-04-05,12.3415
2024-04-06,11.6567
2024-04-07,13.5108
2024-04-08,14.6406
2024-04-09,12.9264
2024-04-10,12.3675
2024-04-11,13.9555
2024-04-12,15.5963
2024-04-13,17.2085
2024-04-14,18.8796
2024-04-15,14.6844
2024-04-16,12.8811
2024-04-17,13.7202
2024-04-18,15.8754
2024-04-19,16.1979
2024-04-20,13.7054
2024-04-21,15.9151
2024-04-22,16.9936
2024-04-23,15.3706
2024-04-24,12.2204
2024-04-25,14.042
2024-04-26,16.5529
2024-04-27,16.9263
2024-04-28,18.0814
2024-04-29,17.8101
2024-04-30,15.6819
2024-05-01,16.18
2024-05-02,16.3529
2024-05-03,17.8163
2024-05-04,19.304
2024-05-05,16.9888
2024-05-06,14.0133
2024-05-07,12.6437
2024-05-08,13.6695
2024-05-09,15.2598
2024-05-10,17.109
2024-05-11,16.5107
2024-05-12,15.8954
2024-05-13,17.0274
2024-05-14,17.5604
2024-05-15,12.2049
2024-05-16,12.9025
2024-05-17,16.9664
2024-05-18,19.6045
2024-05-19,19.9481
2024-05-20,17.7289
2024-05-21,19.2502
2024-05-22,18.8557
2024-05-23,19.6592
2024-05-24,18.2477
2024-05-25,19.0106
2024-05-26,18.7457
2024-05-27,17.9249
2024-05-28,18.2713
2024-05-29,19.3733
2024-05-30,19.0025
2024-05-31,19.2723
2024-06-01,19.121
2024-06-02,18.6244
2024-06-03,19.929
2024-06-04,20.5856
2024-06-05,21.362
2024-06-06,21.8032
2024-06-07,21.2635
2024-06-08,19.2805
2024-06-09,21.4832
2024-06-10,23.1454
2024-06-11,23.9237
2024-06-12,23.4268
2024-06-13,24.1529
2024-06-14,24.3265
2024-06-15,22.7295
2024-06-16,22.951
2024-06-17,23.2945
2024-06-18,24.2957
2024-06-19,26.2481
2024-06-20,26.4269
2024-06-21,25.4873
2024-06-22,22.7401
2024-06-23,23.8254
2024-06-24,23.2281
2024-06-25,21.9731
2024-06-26,23.3504
2024-06-27,24.1086
2024-06-28,24.5458
2024-06-29,24.9911
2024-06-30,23.2462
2024-07-01,24.7362
2024-07-02,22.3033
2024-07-03,24.0617
2024-07-04,25.5914
2024-07-05,23.5274
2024-07-06,24.5923
2024-07-07,23.78
2024-07-08,23.3569
2024-07-09,23.4564
2024-07-10,24.9488
2024-07-11,24.4507
2024-07-12,24.7024
2024-07-13,25.9537
2024-07-14,26.0218
2024-07-15,26.4002
2024-07-16,25.5354
2024-07-17,24.9586
2024-07-18,24.0792
2024-07-19,26.0529
2024-07-20,26.0544
2024-07-21,26.1302
2024-07-22,26.5302
2024-07-23,25.85
2024-07-24,26.9137
2024-07-25,27.9125
2024-07-26,27.8711
2024-07-27,28.1068
2024-07-28,28.5619
2024-07-29,27.0055
2024-07-30,27.472
2024-07-31,28.3192
2024-08-01,28.8462
2024-08-02,28.6937
2024-08-03,29.0777
2024-08-04,29.5406
2024-08-05,28.6489
2024-08-06,27.7799
2024-08-07,27.9726
2024-08-08,27.1739
2024-08-09,27.8624
2024-08-10,28.2011
2024-08-11,28.8965
2024-08-12,29.128
2024-08-13,29.2236
2024-08-14,28.6011
2024-08-15,28.0674
2024-08-16,28.2842
2024-08-17,28.4865
2024-08-18,28.39
2024-08-19,28.6964
2024-08-20,29.5376
2024-08-21,27.3356
2024-08-22,27.9531
2024-08-23,27.5955
2024-08-24,27.0006
2024-08-25,27.212
2024-08-26,26.6506
2024-08-27,25.0885
2024-08-28,26.3182
2024-08-29,26.4572
2024-08-30,26.4387
2024-08-31,25.5149
2024-09-01,25.3927
2024-09-02,23.3879
2024-09-03,25.0063
2024-09-04,25.5371
2024-09-05,25.3177
2024-09-06,23.2026
2024-09-07,24.7008
2024-09-08,25.2061
2024-09-09,26.5736
2024-09-10,27.4723
2024-09-11,27.269
2024-09-12,24.4401
2024-09-13,25.2212
2024-09-14,26.0702
2024-09-15,25.4077
2024-09-16,25.1599
2024-09-17,26.9615
2024-09-18,27.2408
2024-09-19,27.1777
2024-09-20,23.9264
2024-09-21,18.75
2024-09-22,19.7081
2024-09-23,19.1677
2024-09-24,19.191
2024-09-25,21.4846
2024-09-26,22.1661
2024-09-27,21.6124
2024-09-28,21.7754
2024-09-29,21.7019
2024-09-30,21.2483
2024-10-01,17.4899
2024-10-02,14.0754
2024-10-03,14.8986
2024-10-04,15.9792
2024-10-05,15.9911
2024-10-06,14.6901
2024-10-07,16.3155
2024-10-08,16.3755
2024-10-09,17.1836
2024-10-10,17.0704
2024-10-11,16.8949
2024-10-12,16.4387
2024-10-13,17.0226
2024-10-14,18.123
2024-10-15,18.2808
2024-10-16,16.8462
2024-10-17,17.3813
2024-10-18,16.43
2024-10-19,15.2732
2024-10-20,12.414
2024-10-21,13.8044
2024-10-22,14.906
2024-10-23,12.5368
2024-10-24,11.6501
2024-10-25,13.7195
2024-10-26,15.7252
2024-10-27,14.9842
2024-10-28,14.5824
2024-10-29,14.0544
2024-10-30,14.3112
2024-10-31,14.265
2024-11-01,14.1338
2024-11-02,16.6598
2024-11-03,16.1293
2024-11-04,14.2686
2024-11-05,9.255
2024-11-06,6.7845
2024-11-07,6.9205
2024-11-08,9.0219
2024-11-09,11.3526
2024-11-10,12.8293
2024-11-11,13.0043
2024-11-12,13.2555
2024-11-13,12.5108
2024-11-14,13.7374
2024-11-15,15.5414
2024-11-16,16.1936
2024-11-17,7.8305
2024-11-18,2.5524
2024-11-19,4.2914
2024-11-20,5.9829
2024-11-21,8.9846
2024-11-22,5.9705
2024-11-23,5.1148
2024-11-24,5.7901
2024-11-25,8.9318
2024-11-26,5.9796
2024-11-27,-0.2314
2024-11-28,0.8417
2024-11-29,0.1958
2024-11-30,2.9342
2024-12-01,5.2086
2024-12-02,6.517
2024-12-03,1.2451
2024-12-04,1.8229
2024-12-05,3.0843
2024-12-06,1.8199
2024-12-07,-0.3813
2024-12-08,-0.8207
2024-12-09,-0.1561
2024-12-10,1.303
2024-12-11,1.8539
2024-12-12,0.2142
2024-12-13,0.538
2024-12-14,-1.338
2024-12-15,0.5831
2024-12-16,-0.8274
2024-12-17,-1.4165
2024-12-18,-3.7886
2024-12-19,-2.5932
2024-12-20,0.2362
2024-12-21,-0.9781
2024-12-22,-3.9571
2024-12-23,-1.285
2024-12-24,-1.5835
2024-12-25,1.2521
2024-12-26,-0.0571
2024-12-27,-2.907
2024-12-28,-3.2098
2024-12-29,-0.1386
2024-12-30,4.7256
2024-12-31,0.3549
2025-01-01,1.3649
2025-01-02,-0.3552
2025-01-03,-1.981
2025-01-04,-1.2123
2025-01-05,0.9568
2025-01-06,0.521
2025-01-07,-2.9946
2025-01-08,-4.1217
2025-01-09,-9.8999
2025-01-10,-8.4321
2025-01-11,-6.287
2025-01-12,-4.492
2025-01-13,-1.3392
2025-01-14,1.5094
2025-01-15,-3.7313
2025-01-16,-1.6627
2025-01-17,-1.4698
2025-01-18,-0.2343
2025-01-19,2.1531
2025-01-20,2.183
2025-01-21,0.8673
2025-01-22,1.9383
2025-01-23,0.3032
2025-01-24,1.2496
2025-01-25,3.2906
2025-01-26,3.0352
2025-01-27,-0.701
2025-01-28,-4.1501
2025-01-29,-4.9288
2025-01-30,-4.2946
2025-01-31,-1.2705
2025-02-01,0.3062
2025-02-02,0.6067
2025-02-03,-4.0373
2025-02-04,-8.9456
2025-02-05,-8.6945
2025-02-06,-6.3631
2025-02-07,-8.465
2025-02-08,-8.3705
2025-02-09,-5.6364
2025-02-10,-3.6193
2025-02-11,-0.9138
2025-02-12,0.2092
2025-02-13,-0.168
2025-02-14,2.676
2025-02-15,2.7612
2025-02-16,3.4467
2025-02-17,-0.3085
2025-02-18,-2.2733
2025-02-19,-3.2637
2025-02-20,-3.3342
2025-02-21,-3.0035
2025-02-22,-2.7482
2025-02-23,-3.8605
2025-02-24,-1.8219
2025-02-25,1.5081
2025-02-26,3.2827
2025-02-27,4.1571
2025-02-28,5.8315
2025-03-01,6.3165
2025-03-02,6.3068
2025-03-03,2.1955
2025-03-04,1.5886
2025-03-05,3.6069
2025-03-06,3.5249
2025-03-07,3.6044
2025-03-08,4.6643
2025-03-09,4.7882
2025-03-10,6.0055
2025-03-11,7.5414
2025-03-12,7.7357
2025-03-13,7.6714
2025-03-14,10.1208
2025-03-15,10.0145
2025-03-16,3.7624
2025-03-17,2.0226
2025-03-18,1.3273
2025-03-19,1.7758
2025-03-20,7.1068
2025-03-21,10.9567
2025-03-22,12.5343
2025-03-23,12.9126
2025-03-24,13.9036
2025-03-25,11.6367
2025-03-26,13.2406
2025-03-27,12.1254
2025-03-28,5.7593
2025-03-29,2.368
2025-03-30,2.6583
2025-03-31,6.326
2025-04-01,8.5142
2025-04-02,7.4829
2025-04-03,8.199
2025-04-04,9.05
2025-04-05,7.3067
2025-04-06,9.5471
2025-04-07,12.0144
2025-04-08,12.6269
2025-04-09,11.1715
2025-04-10,11.7202
2025-04-11,13.9371
2025-04-12,11.9507
2025-04-13,5.0832
2025-04-14,4.4035
2025-04-15,7.7937
2025-04-16,13.3687
2025-04-17,17.719
2025-04-18,16.9143
2025-04-19,14.5433
2025-04-20,15.069
2025-04-21,18.1714
2025-04-22,15.7186
2025-04-23,14.9602
2025-04-24,13.7113
2025-04-25,11.8999
2025-04-26,13.3105
2025-04-27,14.7025
2025-04-28,13.6583
2025-04-29,13.0737
2025-04-30,16.9717
2025-05-01,13.4169
2025-05-02,12.9192
2025-05-03,10.5706
2025-05-04,13.2461
2025-05-05,11.1194
2025-05-06,12.7486
2025-05-07,13.5607
2025-05-08,15.8629
2025-05-09,14.0876
2025-05-10,12.2094
2025-05-11,13.9499
2025-05-12,15.9455
2025-05-13,18.6104
2025-05-14,19.5314
2025-05-15,18.3037
2025-05-16,18.8796
2025-05-17,17.7465
2025-05-18,15.0958
2025-05-19,15.4715
2025-05-20,20.9586
2025-05-21,23.0632
2025-05-22,20.6412
2025-05-23,17.3242
2025-05-24,14.3227
2025-05-25,15.8218
2025-05-26,17.631
2025-05-27,18.5343
2025-05-28,18.6345
2025-05-29,19.2238
2025-05-30,19.3791
2025-05-31,19.077
2025-06-01,20.453
2025-06-02,19.1598
2025-06-03,19.8505
2025-06-04,19.2826
2025-06-05,20.3267
2025-06-06,22.5497
2025-06-07,21.9581
2025-06-08,23.2625
2025-06-09,22.6833
2025-06-10,21.2425
2025-06-11,21.56
2025-06-12,23.3151
2025-06-13,22.0201
2025-06-14,23.7717
2025-06-15,24.0683
2025-06-16,22.2507
2025-06-17,23.18
2025-06-18,23.545
2025-06-19,25.8406
2025-06-20,23.2274
2025-06-21,21.5311
2025-06-22,22.5298
2025-06-23,24.069
2025-06-24,23.1529
2025-06-25,19.9687
2025-06-26,21.4623
2025-06-27,23.5648
2025-06-28,24.5754
2025-06-29,25.9327
2025-06-30,26.695
2025-07-01,27.0755
2025-07-02,27.182
2025-07-03,26.9762
2025-07-04,25.9704
2025-07-05,27.1019
2025-07-06,27.5349
2025-07-07,27.9082
2025-07-08,28.7771
2025-07-09,29.4093
2025-07-10,28.7121
2025-07-11,27.713
2025-07-12,27.4943
2025-07-13,25.3823
2025-07-14,22.5999
2025-07-15,22.525
2025-07-16,22.3901
2025-07-17,22.6792
2025-07-18,23.9346
2025-07-19,23.6964
2025-07-20,26.6936
2025-07-21,27.3742
2025-07-22,27.437
2025-07-23,27.3057
2025-07-24,27.9004
2025-07-25,28.769
2025-07-26,29.6014
2025-07-27,30.1535
2025-07-28,29.7253
2025-07-29,29.555
2025-07-30,29.3205
2025-07-31,28.6921
2025-08-01,28.7281
2025-08-02,29.0251
2025-08-03,27.2694
2025-08-04,26.5593
2025-08-05,27.5662
2025-08-06,26.3005
2025-08-07,26.6574
2025-08-08,25.7196
2025-08-09,23.9921
2025-08-10,25.4649
2025-08-11,25.0511
2025-08-12,26.4924
2025-08-13,24.3817
2025-08-14,25.1339
2025-08-15,26.2082
2025-08-16,27.3476
2025-08-17,27.2658
2025-08-18,27.8115
2025-08-19,28.1827
2025-08-20,28.0538
2025-08-21,28.1751
2025-08-22,28.1889
2025-08-23,28.0513
2025-08-24,28.4854
2025-08-25,28.1363
2025-08-26,26.5694
2025-08-27,25.7324
2025-08-28,26.9469
2025-08-29,28.2662
2025-08-30,27.3315
2025-08-31,26.9706
2025-09-01,25.636
2025-09-02,24.9087
2025-09-03,25.895
2025-09-04,24.5927
2025-09-05,26.367
2025-09-06,26.0399
2025-09-07,24.5417
2025-09-08,23.4081
2025-09-09,22.5736
2025-09-10,23.0148
2025-09-11,23.7729
2025-09-12,22.4969
2025-09-13,22.0423
2025-09-14,23.2343
2025-09-15,24.123
2025-09-16,23.1501
2025-09-17,21.6656
2025-09-18,20.7817
2025-09-19,18.6626
2025-09-20,19.0045
2025-09-21,20.1373
2025-09-22,19.7176
2025-09-23,21.1785
2025-09-24,21.3365
2025-09-25,21.5824
2025-09-26,20.4839
2025-09-27,20.8938
2025-09-28,19.0744
2025-09-29,19.0164
2025-09-30,18.6386
2025-10-01,19.3444
2025-10-02,20.1225
2025-10-03,20.0651
2025-10-04,21.2825
2025-10-05,20.44
2025-10-06,17.311
2025-10-07,17.9004
2025-10-08,20.4819
2025-10-09,18.7557
2025-10-10,16.694
2025-10-11,18.9315
2025-10-12,18.1874
2025-10-13,15.1148
2025-10-14,17.0704
2025-10-15,18.9169
2025-10-16,18.8835
2025-10-17,18.4004
2025-10-18,15.0257
2025-10-19,13.9238
2025-10-20,9.9448
2025-10-21,9.3923
2025-10-22,12.1961
2025-10-23,13.9556
2025-10-24,14.2018
2025-10-25,13.5533
2025-10-26,11.9238
2025-10-27,7.7251
2025-10-28,7.1781
2025-10-29,9.9444
2025-10-30,11.5779
2025-10-31,13.5203
2025-11-01,12.6213
2025-11-02,7.7941
2025-11-03,5.9937
2025-11-04,8.9947
2025-11-05,10.0188
2025-11-06,10.9231
2025-11-07,12.3027
2025-11-08,12.9257
2025-11-09,12.6831
2025-11-10,8.0068
2025-11-11,7.7886
2025-11-12,9.1052
2025-11-13,9.8661
2025-11-14,7.7971
2025-11-15,7.9567
2025-11-16,10.6395
2025-11-17,3.6089
2025-11-18,1.189
2025-11-19,2.0082
2025-11-20,6.6539
2025-11-21,6.6782
2025-11-22,8.2412
2025-11-23,9.8575
2025-11-24,11.1108
2025-11-25,6.537
2025-11-26,5.7625
2025-11-27,4.8344
2025-11-28,2.1215
2025-11-29,5.7302
2025-11-30,11.3274
2025-12-01,5.5655
2025-12-02,-0.112
2025-12-03,-5.9545
2025-12-04,-3.6964
2025-12-05,-2.5612
2025-12-06,2.585
2025-12-07,7.5379
2025-12-08,2.9765
2025-12-09,1.8018
2025-12-10,4.2864
2025-12-11,3.4765
2025-12-12,1.0205
2025-12-13,1.8549
2025-12-14,-0.2874
2025-12-15,0.3833
2025-12-16,3.5755
2025-12-17,3.2949
2025-12-18,1.3861
2025-12-19,3.8931
2025-12-20,6.8021
2025-12-21,-1.0825
2025-12-22,-1.8152
2025-12-23,1.353
2025-12-24,2.2835
2025-12-25,-3.251
2025-12-26,-8.1076
2025-12-27,-2.959
2025-12-28,2.3927
2025-12-29,4.1901
2025-12-30,-0.7498
2025-12-31,-5.4899
